N_REGISTRO,PRAIA,TIPO_REG,DATA_OCORR,N_NINHO,HORA_OCORR,GPS_ID,WAYPOINT,LATITUDE,LONGITUDE,MARCAS_COL1,MARCAS_COL2,MARCAS_ENC1,MARCAS_ENC2,MARCAS_RET,COMP_CASCO,LARG_CASCO,COLETA_MAT_FEMEAS,VIAL _N,SITUACAO,TEMP_LOGGER_ID,TEMP_LOGGER_DEPLOYED,TEMP_LOGGER_REMOVED,TEMP_TRANSF,OVOS_TRANSF,OVOS_FUR,LATITUDE_DESTINO,LONGITUDE_DESTINO,DATA_ECLOS,DATA_ABERT,HIST_NINHO,VIVOS,NATIMORTOS,OVOS_N_ECL,OVOS_TOT,INCUBACAO,COLETA_MAT_Filhotes,OBSERVACAO
1,Leao,CD,X-Dec-2019,2,NA,NA,NA,NA,NA,NA,NA,NA,NA,NA,NA,NA,NA,NA,I,NA,NA,NA,NA,NA,2,NA,NA,11-Jan-20,13-Jan-20,SU,68,0,7,75,NA,NA,"Avisada por ICMBIO viu no dia 22/11, porem equipe so viu 3/12"
2,Leao,CD,X-Dec-2019,3,NA,NA,NA,NA,NA,NA,NA,NA,NA,NA,NA,NA,NA,NA,I,NA,NA,NA,NA,NA,NA,NA,NA,22-Jan-20,26-Jan-20,SU,118,1,66,185,NA,NA,Ocorreu entre 27/11 e 3/12 polo branco bem evidente
3,Leao,CD,X-Dec-2019,1,NA,11,N01,-3.869748,-32.436963,NA,NA,NA,NA,NA,NA,NA,NA,NA,I,NA,NA,NA,NA,NA,NA,NA,NA,29-Dec-19,30-Dec-20,SU,71,0,13,84,NA,NA,GPS 11 - N01
4,Leao,CD,14-Dec-19,4,NA,NA,NA,NA,NA,NA,NA,NA,NA,NA,NA,NA,NA,NA,I,NA,NA,NA,NA,NA,NA,NA,NA,2-Feb-20,2-Feb-20,SU,64,2,20,86,50,NAO,
5,Leao,CD,15-Dec-19,6,NA,NA,NA,NA,NA,NA,NA,NA,NA,NA,NA,NA,NA,NA,I,NA,NA,NA,NA,NA,NA,NA,NA,7-Feb-20,10-Feb-20,SU,65,13,7,85,54,SIM - 8 filhotes,
6,Leao,CD,19-Dec-19,7,20:43,11,N07,-3.869871,-32.437259,BRA 21602,NA,BR 26380,NA,NA,112.5,105,SIM,#7 - 19/12/19 - BRA21602,I,896691,12/20/2019 00:52,2/13/2019 00:17,NA,NA,NA,NA,NA,11-Feb-20,12-Feb-20,SU,108,17,43,168,54,SIM - 88 filhotes,GPS 11 - N07
7,Leao,ML,24-Dec-19,NA,NA,NA,NA,NA,NA,NA,NA,NA,NA,NA,NA,NA,NA,NA,NA,NA,NA,NA,NA,NA,NA,NA,NA,NA,NA,NA,NA,NA,NA,NA,NA,NA,Ocorrência entre 1 e 2:10.
8,Leao,ML,24-Dec-19,NA,02:10,11,ML01,-3.86991,-32.43721,BRA 21607,BRA 21608,NA,NA,NA,99.5,96.1,SIM,#ML - 24/12/19 - BRA21607/ BRA21608,NA,NA,NA,NA,NA,NA,NA,NA,NA,NA,NA,NA,NA,NA,NA,NA,NA,NA,"GPS11; waypoint = ML01; curved minimum carapace length = 97 cm; pele machucada no pescoço e nadadeira, provavelmente por cópula. "
9,Leao,CD,26-Dec-19,8,20:35,NA,NA,-3.870013,-32.437891,BRA 21606,BRA 21609,NA,NA,NA,113.4,107.5,SIM,#8 - 26/12/19 - BRA21606/ BRA21609,I,895561,12/26/2019 22:23,2/19/2020 08:04,NA,NA,NA,NA,NA,17-Feb-20,18-Feb-20,SU,64,5,10,79,53,SIM - 32 filhotes," GPS 11 - N08. Queloides, possivel cicatriz. BRA21609 colocada na posterior (muito gorda). Marca de copula profunda. 4 ovos anomalos."
10,Leao,CD,27-Dec-19,9,00:40,11,N09,-3.86978,-32.437193,BRA 21610,NA,BR 83334,NA,NA,112.8,110,SIM,#9 - 27/12/19 - BR83334/ BRA21610,I,895562,12/28/2019 02:08,2/20/2020 23:29,NA,NA,NA,NA,NA,18-Feb-20,20-Feb-20,SU,83,11,7,101,53,SIM - 32 filhotes,GPS 11 - N09
11,Leao,CD,28-Dec-19,10,20:00,10,N10,-3.869657,-32.436526,NA,NA,BR 38657,BR 38683,NA,110,103,SIM,#10 - 28/12/19 - BR38657/ BR38683,I,896699,12/28/2019 20:37,2/19/2020 21:44,NA,NA,NA,NA,NA,19-Feb-20,19-Feb-20,SU,86,7,4,97,53,SIM - 86 filhotes,GPS 10 - N10
12,Leao,CD,31-Dec-19,11,NA,10,N11,-3.869681,-32.437074,NA,NA,NA,NA,NA,NA,NA,NA,NA,I,NA,NA,NA,NA,NA,NA,NA,NA,23-Feb-20,25-Feb-20,SU,92,9,52,163,54,NA,GPS 10 - N11
13,Leao,CD,3-Jan-20,12,00:10,11,N12,-3.869633,-32.436276,BRA 21620,BRA 21622,NA,NA,NA,103.5,99.6,SIM,#12 - 3/1/20 - BRA21620/ BRA21622,I,896702,1/4/2020 00:30,2/22/2020 21:25,NA,NA,NA,NA,NA,21-Feb-20,22-Feb-20,SU,85,0,2,87,49,SIM - 32 filhotes,GPS 11 - N12
14,Leao,CD,6-Jan-20,13,22:20,11,N13,-3.869772,-32.436939,NA,NA,BRA 21606,BRA 21609,NA,113.4,107.5,SIM,#13 - 06/01/20 - BRA21606/ BRA21609,I,896729,1/7/2020 00:46,2/28/2020 21:55,NA,NA,NA,NA,NA,27-Feb-20,28-Feb-20,SU,109,0,4,113,52,NAO,"GPS 11 - N13 - No dia da abertura foi observado rastros de caranguejos proximos ao ninho, provavelmente os caranguejos podem ter pego os filhotes."
15,Leao,CD,8-Jan-20,14,20:15,11,N14,-3.869892,-32.437213,NA,NA,BR 20516,BR 20517,NA,123.9,109.1,SIM,#14 - 08/01/20 - BR20516/ BR20517,I,896717,1/8/2020 23:02,2/29/2020 23:10,NA,NA,NA,NA,NA,29-Feb-20,29-Feb-20,SU,90,0,55,145,52,SIM - 32 filhotes,GPS 11 - N14 - presenca de anol na nadadeira anterior equerda (nao conseguimos tirar).
16,Leao,CD,8-Jan-20,15,20:15,10,N15,-3.86951,-32.436165,NA,NA,BR 38657,BR 38683,NA,108.4,102.3,SIM,#15 - 08/01/20 - BR38657/ BR38683,I,896725,1/8/2020 21:42,3/3/2020 20:40,NA,NA,NA,NA,NA,3-Mar-20,3-Mar-20,SU,90,1,8,99,55,NAO,GPS 10 - N15
17,Leao,CD,8-Jan-20,16,00:15,11,N16,-3.86995,-32.438509,NA,NA,BR 83334,BRA 21610,NA,111,109.5,SIM,#16 - 08/01/20 - BR83334/ BRA21610,I,896701,1/9/2020 01:43,3/1/2020 20:48,NA,NA,NA,NA,NA,29-Feb-20,1-Mar-20,SU,56,17,10,78,52,NAO,GPS11 - N16 - desovou 7 ovos fora do ninho enquanto voltava para agua.
18,Leao,ML,12-Jan-20,NA,NA,NA,NA,NA,NA,NA,NA,NA,NA,NA,NA,NA,NA,NA,NA,NA,NA,NA,NA,NA,NA,NA,NA,NA,NA,NA,NA,NA,NA,NA,NA,NA,Ocorrência antes de 20:20.
19,Leao,ML,12-Jan-20,NA,NA,NA,NA,NA,NA,NA,NA,NA,NA,NA,NA,NA,NA,NA,NA,NA,NA,NA,NA,NA,NA,NA,NA,NA,NA,NA,NA,NA,NA,NA,NA,NA,Ocorrência antes de 20:21.
20,Leao,ML,12-Jan-20,NA,NA,NA,NA,NA,NA,NA,NA,NA,NA,NA,NA,NA,NA,NA,NA,NA,NA,NA,NA,NA,NA,NA,NA,NA,NA,NA,NA,NA,NA,NA,NA,NA,Ocorrência antes de 20:22.
21,Leao,CD,13-Jan-20,17,20:22,10,N17,-3.870055,-32.43765,BRA 21614,BRA 21615,NA,NA,NA,106,103.4,SIM,#17 - 13/01/20 - BRA21614/ BRA21615,I,896720,1/13/2020 20:30,3/4/2020 23:15,NA,NA,NA,NA,NA,4-Mar-20,4-Mar-20,SU,62,25,3,90,51,SIM - 32 filhotes,GPS 10 - N17
22,Leao,CD,13-Jan-20,18,20:22,11,N18,-3.870023,-32.437858,BRA 21627,NA,BR 83329,NA,NA,112.4,108.3,SIM,#18 - 13/01/20 - BR83329/ BRA21627,I,896722,1/13/2020 21:33,3/3/2020 21:24,NA,NA,NA,NA,NA,3-Mar-20,3-Mar-20,SU,102,0,5,107,50,SIM- 32 filhotes,GPS 11 - N18
23,Leao,CD,13-Jan-20,19,02:40,10,N19,-3.869399,-32.4357,NA,NA,NA,NA,NA,NA,NA,NAO,NA,I,NA,NA,NA,NA,NA,NA,NA,NA,NA,NA,NA,NA,NA,NA,NA,NA,NA,"GPS 10 - N19. Tartaruga subiu pelo ""rio"", nao deixando rastro de subida. Foi avistada ja voltando para agua as 2:40. "
24,Leao,ML,14-Jan-20,NA,NA,NA,NA,NA,NA,NA,NA,NA,NA,NA,NA,NA,NA,NA,NA,NA,NA,NA,NA,NA,NA,NA,NA,NA,NA,NA,NA,NA,NA,NA,NA,NA,
25,Leao,CD,15-Jan-20,20,22:00,10,N20,-3.86978,-32.437,BRA 21616,BRA 21617,NA,NA,NA,112.6,103.4,SIM,#20-15/01/20-BRA21616/ BRA21617,I,881575,1/15/2020 22:50,3/5/2020 07:54,NA,NA,NA,NA,NA,4-Mar-20,5-Mar-20,SU,67,3,17,87,49,SIM - 32 filhotes,GPS 10 - N20
26,Leao,CD,16-Jan-20,21,20:25,11,N21,-3.86966,-32.43631,NA,NA,BRA 21607,BRA 21608,NA,98.4,96.5,SIM,#21-16/01/20-BRA21607/ BRA21608,I,896721,1/16/2020 21:20,3/4/2020 01:19,NA,NA,NA,NA,NA,3-Mar-20,3-Mar-20,SU,67,0,30,97,47,SIM - 67 filhotes,GPS 11 - N21
27,Leao,CD,16-Jan-20,22,20:25,10,N22,-3.86969,-32.43677,BRA 21643,NA,BR 77078,NA,NA,122.5,112.1,SIM,#22-16/01/20-BRA21643/ BR77078,I,896694,1/16/2020 23:06,3/5/2020 08:08,NA,NA,NA,NA,NA,4-Mar-20,5-Mar-20,SU,109,0,14,123,48,SIM - 32 filhotes,GPS 10 - N22. Marca BR na nadadeira posterior direita e marca BRA entre  a segunda e terceira escama da nadadeira anterior esquerda. Muitas cicatrizes de marca. Muito gordinha.
28,Leao,CD,16-Jan-20,23,21:15,11,N23,-3.86965,-32.43632,NA,NA,BRA 21622,BRA 21620,NA,102.8,98,SIM,#23-16/01/20-BRA21620/ BRA21622,I,880878,1/16/2020 22:44,3/7/2020 20:55,NA,NA,1,NA,NA,6-Mar-20,7-Mar-20,SU,49,0,35,84,50,NAO,GPS 11 - N23. Alguma tartaruga furou 1 ovo e desenterrou 6 (foram recolocados no ninho).
29,Leao,CD,17-Jan-20,24,20:30,11,N24,-3.86971,-32.43674,NA,NA,BRA 21606,BRA 21609,NA,113.4,107.4,SIM,#24-17/01/20-BRA21606/ BR21609,I,896711,1/17/2020 23:27,3/10/2020 21:41,NA,NA,NA,NA,NA,9-Mar-20,10-Mar-20,SU,108,1,4,113,52,NAO,GPS11 - N24. Possive marca de interacao com barco (marca da cabeca e carapaca). Marca profunda de copula.
30,Leao,CD,17-Jan-20,25,20:38,10,N25,-3.86999,-32.43847,BRA 21618,NA,BR 98337,NA,NA,112.7,102,SIM,#25-17/01/20-BRA21618/ BR98337 ,I,881571,1/17/2020 22:04,3/5/2020 20:54,NA,NA,NA,NA,NA,5-Mar-20,5-Mar-20,SU,77,2,23,102,48,SIM - 77 filhotes,GPS 10 - N25. Cicatiz de marca na nadeira anterior. Anilha na nadeira posterior.
31,Leao,CD,18-Jan-20,26,21:56,10,N26,-3.8696,-32.43637,NA,NA,BR 20516,BR 20517,NA,124.9,109,SIM,#26 - 18/01/20 - BR20516/ BR20517,I,896718,1/19/2020 00:46,3/8/2020 22:30,NA,NA,NA,NA,NA,8-Mar-20,8-Mar-20,SU,101,13,18,132,50,NAO,"GPS 10 - N26. As 23:20 ela cavou o ninho 23 e estourou um ovo e retirou seis ovos, colocados de volta. Ela desistiu dessa camara e foi fazer nova cama. "
32,Leao,CD,19-Jan-20,27,23:24,11,N27,-3.86942,-32.4356,NA,NA,BR 38657,BR 38683,NA,108.6,102.9,SIM,#27-19/01/20-BR38657/ BR38683,I,896712,1/20/2020 00:51,3/11/2020 22:00,NA,NA,NA,NA,NA,10-Mar-20,11-Mar-20,SU,114,10,4,128,51,SIM - 32 filhotes,GPS 11 - N27. Casio na nadadeira anterior direita.
33,Leao,ML,19-Jan-20,NA,01:45,NA,NA,NA,NA,NA,NA,BRA 21610,BR 83334,NA,110.8,NA,NA,NA,NA,NA,NA,NA,NA,NA,NA,NA,NA,NA,NA,NA,NA,NA,NA,NA,NA,NA,Tartaruga descendo.
34,Leao,ML,19-Jan-20,NA,NA,NA,NA,NA,NA,NA,NA,NA,NA,NA,NA,NA,NA,NA,NA,NA,NA,NA,NA,NA,NA,NA,NA,NA,NA,NA,NA,NA,NA,NA,NA,NA,Ocorrência entre 22:25 e 23:25.
35,Leao,ML,20-Jan-20,NA,NA,NA,NA,NA,NA,NA,NA,NA,NA,NA,NA,NA,NA,NA,NA,NA,NA,NA,NA,NA,NA,NA,NA,NA,NA,NA,NA,NA,NA,NA,NA,NA,Ocorrência antes das 20:30.
36,Leao,CD,20-Jan-20,28,01:40,11,N28,-3.87,-32.43806,NA,NA,BR 83334,BRA 21610,NA,111.3,109.1,SIM,#28-20/01/20-BR83334/ BRA21610,I,NA,NA,NA,NA,NA,NA,NA,NA,11-Mar-20,13-Mar-20,SU,47,4,14,65,51,NAO,GPS 11 - N28.
37,Leao,ML,20-Jan-20,NA,NA,NA,NA,NA,NA,NA,NA,NA,NA,NA,NA,NA,NA,NA,NA,NA,NA,NA,NA,NA,NA,NA,NA,NA,NA,NA,NA,NA,NA,NA,NA,NA,Ocorrência entre 3:10  e 4:10.
38,Leao,CD,22-Jan-20,29,20:30,10,N29,-3.86947,-32.4365,BRA 21641,BRA 21632,NA,NA,NA,105,98,SIM,#29-22/01/20-BRA21641/ BRA21632,I,NA,NA,NA,NA,NA,NA,NA,NA,12-Mar-20,14-Mar-20,SU,95,1,5,101,50,SIM - 93 filhotes,GPS 10 - N29. Cicatriz de marca na nadadeira anterior direita.
39,Leao,ML,24-Jan-20,NA,NA,NA,NA,NA,NA,NA,NA,NA,NA,NA,NA,NA,NA,NA,NA,NA,NA,NA,NA,NA,NA,NA,NA,NA,NA,NA,NA,NA,NA,NA,NA,NA,Ocorrência antes de 20:20.
40,Leao,CD,24-Jan-20,30,20:20,11,N30 (I) e N30 (P),-3.86944,-32.4357,NA,NA,BR 26380,BRA 21602,NA,110.8,104.8,SIM,#30-24/01/20-BR26380/ BRA21602,P,NA,NA,NA,A,151,0,-3.86941,-32.43566,10-Mar-20,13-Mar-20,SU,99,19,33,151,46,NAO,GPS 11 - N30. Transferencia por risco de inundacao.
41,Leao,CD,24-Jan-20,31,20:20,10,N31,-3.86951,-32.43617,NA,NA,BR 83329,BRA 21627,NA,113.7,107,SIM,#31-24/01/20-BR83329/ BRA21627,I,NA,NA,NA,NA,NA,NA,NA,NA,17-Mar-20,19-Mar-20,SU,91,2,20,113,53,NAO,GPS 10 - N31. 
42,Leao,CD,25-Jan-20,32,20:15,11,N32,-3.869515,-32.435984,NA,NA,BRA 21614,BRA 21615,NA,106.5,103.2,SIM,#32-25/01/20-BRA21614/ BRA21615,I,NA,NA,NA,NA,NA,NA,NA,NA,17-Mar-20,19-Mar-20,SU,90,0,3,93,52,NAO,GPS 11 - N32. 1 ovo anomalo.
43,Leao,ML,25-Jan-20,NA,NA,NA,NA,NA,NA,NA,NA,NA,NA,NA,NA,NA,NA,NA,NA,NA,NA,NA,NA,NA,NA,NA,NA,NA,NA,NA,NA,NA,NA,NA,NA,NA,Ocorrência entre 21:30  e 22:30.
44,Leao,CD,25-Jan-20,33,22:25,11,N33,-3.870026,-32.437861,BRA 21603,NA,BR 53308,NA,NA,105,104,SIM,#33-25/01/20-BRA21603/ BR53308,I,NA,NA,NA,NA,NA,NA,NA,NA,16-Mar-20,16-Mar-20,SU,83,1,8,92,51,SIM - 83 filhotes,GPS 11 - N33. Marca colocada na nad posterior esquerda. Carapaca anomala e cicatriz de queloide nas nadadeiras anteriores.
45,Leao,ML,27-Jan-20,NA,NA,NA,NA,NA,NA,NA,NA,NA,NA,NA,NA,NA,NA,NA,NA,NA,NA,NA,NA,NA,NA,NA,NA,NA,NA,NA,NA,NA,NA,NA,NA,NA,Ocorrência antes de 20:20.
46,Leao,CD,27-Jan-20,34,20:28,10,N34,-3.86963,-32.43631,NA,NA,BRA 21616,BRA 21617,NA,112.1,103.6,SIM,#34-27/01/20-BRA21616/ BRA21617,I,NA,NA,NA,NA,NA,NA,NA,NA,18-Mar-20,21-Mar-20,SU,93,0,6,99,51,NAO,GPS 10 - N34
47,Leao,CD,27-Jan-20,35,20:30,11,N35,-3.869856,-32.437215,NA,NA,BR 77078,BRA 21643,NA,124.5,114.6,SIM,#35-27/01/20-BR77078/ BRA21643,I, NA,NA,NA,NA,NA,NA,NA,NA,18-Mar-20,19-Mar-20,SU,110,0,6,116,51,NAO,GPS 11 - N 35
48,Leao,ML,27-Jan-20,NA,22:00,NA,NA,NA,NA,NA,NA,BR 98337,BRA 21618,NA,NA,NA,NA,NA,NA,NA,NA,NA,NA,NA,NA,NA,NA,NA,NA,NA,NA,NA,NA,NA,NA,NA,Tartaruga descendo.
49,Leao,SD,27-Jan-20,NA,22:08,NA,NA,NA,NA,NA,NA,BR 20516,BR 20517,NA,124.7,109,SIM,#SD-27/01/20-BR20516/ BR20517,NA,NA,NA,NA,NA,NA,NA,NA,NA,NA,NA,NA,NA,NA,NA,NA,NA,NA,"Fez varias camas e desistiu, ficou na praia ate 2:30."
50,Leao,SD,28-Jan-20,NA,NA,NA,NA,NA,NA,NA,NA,NA,NA,NA,NA,NA,NA,NA,NA,NA,NA,NA,NA,NA,NA,NA,NA,NA,NA,NA,NA,NA,NA,NA,NA,NA,Ocorrência antes de 20:20. Comecou a cama e desceu.
51,Leao,SD,28-Jan-20,NA,04:00,NA,NA,NA,NA,NA,NA,BR 20516,BR 20517,NA,124.7,109,NA,NA,NA,NA,NA,NA,NA,NA,NA,NA,NA,NA,NA,NA,NA,NA,NA,NA,NA,NA,"Anzol foi englobado pela pele, da pra sentir ao passar a mao."
52,Leao,ML,29-Jan-20,NA,NA,NA,NA,NA,NA,NA,NA,NA,NA,NA,NA,NA,NA,NA,NA,NA,NA,NA,NA,NA,NA,NA,NA,NA,NA,NA,NA,NA,NA,NA,NA,NA,Ocorrência antes de 20:20.
53,Leao,ML,29-Jan-20,NA,NA,NA,NA,NA,NA,NA,NA,NA,NA,NA,NA,NA,NA,NA,NA,NA,NA,NA,NA,NA,NA,NA,NA,NA,NA,NA,NA,NA,NA,NA,NA,NA,Ocorrência antes de 20:20.
54,Leao,ML,29-Jan-20,NA,NA,NA,NA,NA,NA,NA,NA,NA,NA,NA,NA,NA,NA,NA,NA,NA,NA,NA,NA,NA,NA,NA,NA,NA,NA,NA,NA,NA,NA,NA,NA,NA,Ocorrência antes de 20:21.
55,Leao,ML,29-Jan-20,NA,NA,NA,NA,NA,NA,NA,NA,NA,NA,NA,NA,NA,NA,NA,NA,NA,NA,NA,NA,NA,NA,NA,NA,NA,NA,NA,NA,NA,NA,NA,NA,NA,Ocorrência antes de 20:22.
56,Leao,CD,29-Jan-20,36,20:30,10,N36,-3.86978,-32.43759,NA,NA,BRA 21606,BRA 21609,NA,114.5,107.6,SIM,#36-29/01/20- BRA 21606/ BRA21609,I,NA,NA,NA,NA,NA,NA,NA,NA,19-Mar-20,20-Mar-20,SU,78,3,11,92,50,NAO,"GPS 10 - N36. 1 ovo anomalo - 2 ""tripa"" (foto)."
57,Leao,ML,29-Jan-20,NA,NA,NA,NA,NA,NA,NA,NA,NA,NA,NA,NA,NA,NA,NA,NA,NA,NA,NA,NA,NA,NA,NA,NA,NA,NA,NA,NA,NA,NA,NA,NA,NA,Ocorrência entre 21:30  e 22:30.
58,Leao,SD,29-Jan-20,NA,22:15,11,SD02,-3.87,-32.43923,NA,NA,BRA 21618,BR 98337,NA,112.7,102,SIM,#SD-29/01/20-BRA 21618/ BR98337,NA,NA,NA,NA,NA,NA,NA,NA,NA,NA,NA,NA,NA,NA,NA,NA,NA,NA,GPS 11 - SD02.
59,Leao,ML,29-Jan-20,NA,22:35,NA,NA,NA,NA,NA,NA,BRA 21620,BRA 21622,NA,103.6,98.7,NAO,NA,NA,NA,NA,NA,NA,NA,NA,NA,NA,NA,NA,NA,NA,NA,NA,NA,NA,NA,
60,Leao,ML,29-Jan-20,NA,22:37,NA,NA,NA,NA,NA,NA,BR 38657,BR 38683,NA,109.9,102.6,NAO,NA,NA,NA,NA,NA,NA,NA,NA,NA,NA,NA,NA,NA,NA,NA,NA,NA,NA,NA,
61,Leao,CD,29-Jan-20,37,23:08,11,N37,-3.86999,-32.43802,NA,NA, BRA 21607,BRA 21608,NA,99.6,97,SIM,#37-29/01/20-BRA 21607/ BRA 21608,I,NA,NA,NA,NA,NA,NA,NA,NA,19-Mar-20,20-Mar-20,SU,75,1,7,83,50,NAO,GPS 11 - N37. 1 ovo anomalo pequeno.
62,Leao,SD,29-Jan-20,NA,23:08,NA,NA,NA,NA,NA,NA,BR 20516,BR 20517,NA,124.7,109,NA,NA,NA,NA,NA,NA,NA,NA,NA,NA,NA,NA,NA,NA,NA,NA,NA,NA,NA,NA,
63,Leao,ML,29-Jan-20,NA,NA,NA,NA,NA,NA,NA,NA,NA,NA,NA,NA,NA,NA,NA,NA,NA,NA,NA,NA,NA,NA,NA,NA,NA,NA,NA,NA,NA,NA,NA,NA,NA,
64,Leao,CD,29-Jan-20,38,02:35,11,N38,-3.86976,-32.43697,NA,NA,BR 20516,BR 20517,NA,124.7,109,SIM,#38-29/01/20- BR20516/ BR20517,I,NA,NA,NA,NA,NA,NA,NA,NA,21-Mar-20,21-Mar-20,SU,120,2,11,133,52,NAO,GPS 11 - N 38.
65,Leao,CD,30-Jan-20,39,20:27,11,N39,-3.869847,-32.437234,NA,NA,BR 38657,BR 38683,NA,109.6,102,SIM,#39-30/01/20- BR38657/ BR38683,I,NA,NA,NA,NA,NA,NA,NA,NA,20-Mar-20,21-Mar-20,SU,113,2,5,120,50,NAO,GPS 11 - N39.
66,Leao,CD,30-Jan-20,40,20:30,11,N40,-3.86989,-32.43769,NA,NA,BRA 21618,BR 98337, NA,112.4,103.5,SIM,#40-30/01/20- BR98337/ BRA21618,I,NA,NA,NA,NA,NA,NA,NA,NA,20-Mar-20,20-Mar-20,SU,81,0,17,98,50,NAO,GPS 11 - N40.
67,Leao,ML,30-Jan-20,NA,NA,NA,NA,NA,NA,NA,NA,NA,NA,NA,NA,NA,NA,NA,NA,NA,NA,NA,NA,NA,NA,NA,NA,NA,NA,NA,NA,NA,NA,NA,NA,NA,Ocorrência entre 20:25 e 21:40.
68,Leao,CD,31-Jan-20,41,20:32,11,N41,-3.87003,-32.43764,NA,NA,BRA 21620,BRA 21622,NA,103.7,98.1,SIM,#41-31/01/20-BRA 21620/ BRA 21622,I,NA,NA,NA,NA,NA,NA,NA,NA,20-Mar-20,20-Mar-20,SU,71,0,1,72,49,NAO,GPS 11 - N 41.
69,Leao,CD,1-Feb-20,42,21:15,10,N42 (I) e N42P (P),-3.8699,-32.43863,BRA 21629,BRA 21630,NA,NA,NA,106.1,96.6,SIM,#42-01/02/20-BRA21629/ BRA21630,P,NA,NA,NA,A,112,0,-3.87008,-32.43808,23-Mar-20,24-Mar-20,SU,93,14,5,112,51,SIM - 32 filhotes,"GPS10 - N42 e N42P. Cicatriz de marca; Ninho transferido por risco de inundacao do rio; queloide na nadadeira esquerda; estas marcas foram perdidas no futuro sendo substituidas por BRA 21645, BRA 61684."
70,Leao,ML,2-Feb-20,NA,NA,NA,NA,NA,NA,NA,NA,NA,NA,NA,NA,NA,NA,NA,NA,NA,NA,NA,NA,NA,NA,NA,NA,NA,NA,NA,NA,NA,NA,NA,NA,NA,Ocorrência antes das 20:30.
71,Leao,SD,2-Feb-20,NA,22:05,NA,NA,NA,NA,NA,NA,BRA 21632,BRA 21641,NA,104.5,98,NAO,NA,NA,NA,NA,NA,NA,NA,NA,NA,NA,NA,NA,NA,NA,NA,NA,NA,NA,NA,
72,Leao,CD,2-Feb-20,43,23:42,10,N43,-3.87004,-32.43788,BRA 21649,BRA 21650,NA,NA,NA,105.1,91,SIM,#43-02/02/20-BRA21649/ BRA21650,I,NA,NA,NA,NA,NA,NA,NA,NA,23-Mar-20,24-Mar-20,SU,57,0,15,72,50,SIM - 32 filhotes,GPS10 - N43. Cicatriz na carapaça. 1 ovo anômalo.
73,Leao,ML,2-Feb-20,NA,02:00,NA,NA,NA,NA,NA,NA,BRA 21632,BRA 21641,NA,104.5,98,NAO,NA,NA,NA,NA,NA,NA,NA,NA,NA,NA,NA,NA,NA,NA,NA,NA,NA,NA,NA,
74,Leao,CD,3-Feb-20,44,21:45,10,N44,-3.87,-32.43802,NA,NA,BR 83329,BRA 21627,NA,113.2,107.3,SIM,#44-03/02/20-BR 83329/ BRA 21627,I,NA,NA,NA,NA,NA,NA,NA,NA,23-Mar-20,24-Mar-20,SU,89,1,3,93,49,SIM - 32 filhotes,GPS 10 - N44
75,Leao,ML,3-Feb-20,NA,23:17,NA,NA,NA,NA,NA,NA,BRA 21632,BRA 21641,NA,NA,NA,NA,NA,NA,NA,NA,NA,NA,NA,NA,NA,NA,NA,NA,NA,NA,NA,NA,NA,NA,NA,
76,Leao,CD,4-Feb-20,45,20:09,10,N45,-3.86959,-32.43634,NA,NA,BR 26380,BRA 21602,NA,112.5,105,SIM,#45-04/02/20-BR26380/BRA21602,I,NA,NA,NA,NA,NA,NA,NA,NA,NA,NA,NA,NA,NA,NA,NA,NA,NA,"GPS10 - N45.  ""cisto"" proximo da nadadeira posterior esquera."
77,Leao,ML,4-Feb-20,NA,NA,NA,NA,NA,NA,NA,NA,NA,NA,NA,NA,NA,NA,NA,NA,NA,NA,NA,NA,NA,NA,NA,NA,NA,NA,NA,NA,NA,NA,NA,NA,NA,Ocorrência entre 23:30 e 00:50.
78,Leao,SD,4-Feb-20,NA,02:00,NA,NA,NA,NA,NA,NA,BRA 21632,BRA 21641,NA,NA,NA,NA,NA,NA,NA,NA,NA,NA,NA,NA,NA,NA,NA,NA,NA,NA,NA,NA,NA,NA,NA,Estava nas pedras e ajudamos descer.
79,Leao,CD,5-Feb-20,46,20:08,10,N46,-3.87005,-32.43773,NA,NA,BRA 21614,BRA 21615,NA,106.5,103.2,NAO,NA,I,NA,NA,NA,NA,NA,NA,NA,NA,NA,NA,NA,NA,NA,NA,NA,NA,NA,GPS10 - N46.
80,Leao,CD,5-Feb-20,47,22:36,10,N47,-3.86943,-32.43566,BRA 21633,BRA 21634,NA,NA,NA,109,104.2,SIM,#47-05/02/20-BRA21633/BRA21634,I,NA,NA,NA,NA,NA,NA,NA,NA,NA,NA,NA,NA,NA,NA,NA,NA,NA,GPS 10 - N47.
81,Leao,SD,5-Feb-20,NA,02:20,NA,NA,NA,NA,NA,NA,BRA 21632,BRA 21641,NA,104.5,98,NAO,NA,NA,NA,NA,NA,NA,NA,NA,NA,NA,NA,NA,NA,NA,NA,NA,NA,NA,NA,
82,Leao,ML,6-Feb-20,NA,20:20,11,MLR82 ,-3.86955,-32.43545,BRA 21647,BRA 21648,NA,NA,NA,113,105,SIM,06/02/20-BRA21647/ BRA21648,NA,NA,NA,NA,NA,NA,NA,NA,NA,NA,NA,NA,NA,NA,NA,NA,NA,NA,GPS 11 - MLR82.
83,Leao,CD,6-Feb-20,48,20:40,10,N48 e N48P,-3.86999,-32.439,NA,NA,BRA 21632,BRA 21641,NA,105.1,98,NAO,NA,P,NA,NA,NA,A,106,0,-3.87004,-32.43794,NA,NA,NA,NA,NA,NA,NA,NA,NA,GPS 10 - N48 e N48P - transferido por risco de inundacao devido ao rio que se forma pela chuva.
84,Leao,SD,6-Feb-20,NA,23:38,11,4,-3.86942,-32.43526,NA,NA,BR 53308,BRA 21603,NA,105,103,NAO,NA,NA,NA,NA,NA,NA,NA,NA,NA,NA,NA,NA,NA,NA,NA,NA,NA,NA,NA,GPS 11 - 004. Tartaruga com deformidades na carapaca e cabeca.
85,Leao,SD,6-Feb-20,NA,00:15,10,SDF10,-3.86985,-32.43659,NA,NA,BRA 21616,BRA 21617,NA,112.5,105.5,NAO,NA,NA,NA,NA,NA,NA,NA,NA,NA,NA,NA,NA,NA,NA,NA,NA,NA,NA,NA,GPS10 - SDF10. F10.
86,Leao,SD,7-Feb-20,NA,NA,NA,NA,NA,NA,NA,NA,NA,NA,NA,NA,NA,NA,NA,NA,NA,NA,NA,NA,NA,NA,NA,NA,NA,NA,NA,NA,NA,NA,NA,NA,NA,Ocorrência antes de 20:20.
87,Leao,ML,7-Feb-20,NA,NA,NA,NA,NA,NA,NA,NA,NA,NA,NA,NA,NA,NA,NA,NA,NA,NA,NA,NA,NA,NA,NA,NA,NA,NA,NA,NA,NA,NA,NA,NA,NA,Ocorrência antes de 20:20.
88,Leao,SD,7-Feb-20,NA,21:50,NA,NA,NA,NA,NA,NA,BR 20516,BR 20517,NA,124.7,108,NA,NA,NA,NA,NA,NA,NA,NA,NA,NA,NA,NA,NA,NA,NA,NA,NA,NA,NA,NA,
89,Leao,ML,7-Feb-20,NA,21:50,NA,NA,NA,NA,NA,NA,NA,NA,NA,NA,NA,NA,NA,NA,NA,NA,NA,NA,NA,NA,NA,NA,NA,NA,NA,NA,NA,NA,NA,NA,NA,Vimos  a tartaruga mas nao conferimos as anilhas.
90,Leao,CD,7-Feb-20,49,21:50,10,N49,-3.86951,-32.4369,NA,NA,BRA 21603,BR 53308,NA,104.3,102,NAO,NA,NA,896705,2/8/2020 01:25,4/10/2020 17:10,NA,NA,NA,NA,NA,NA,10-Apr-20,SU,87,1,6,94,NA,NA,GPS 10 - N49. F14.
91,Leao,ML,7-Feb-20,NA,22:15,NA,NA,NA,NA,NA,NA,BRA 21643,BR 77078,NA,NA,NA,NA,NA,NA,NA,NA,NA,NA,NA,NA,NA,NA,NA,NA,NA,NA,NA,NA,NA,NA,NA,
92,Leao,ML,7-Feb-20,NA,NA,NA,NA,NA,NA,NA,NA,NA,NA,NA,NA,NA,NA,NA,NA,NA,NA,NA,NA,NA,NA,NA,NA,NA,NA,NA,NA,NA,NA,NA,NA,NA,Ocorrência entre 1:50 e 2:50.
93,Leao,ML,7-Feb-20,NA,03:00,NA,NA,NA,NA,NA,NA,BR 20516,BR 20517,NA,NA,NA,NA,NA,NA,NA,NA,NA,NA,NA,NA,NA,NA,NA,NA,NA,NA,NA,NA,NA,NA,NA,
94,Leao,ML,8-Feb-20,NA,NA,NA,NA,NA,NA,NA,NA,NA,NA,NA,NA,NA,NA,NA,NA,NA,NA,NA,NA,NA,NA,NA,NA,NA,NA,NA,NA,NA,NA,NA,NA,NA,Ocorrência antes das 20:25.
95,Leao,SD,8-Feb-20,NA,20:25,10,SD/F11,-3.86945,-32.43543,NA,NA,BR 77078,BRA 21643,NA,122.5,112.1,NAO,NA,NA,NA,NA,NA,NA,NA,NA,NA,NA,NA,NA,NA,NA,NA,NA,NA,NA,NA,GPS10 - SD/F11. F11.
96,Leao,SD,8-Feb-20,NA,20:30,10,SD8/2,-3.86966,-32.43689,NA,NA,BRA 21647,BRA 21648,NA,113,105,NAO,NA,NA,NA,NA,NA,NA,NA,NA,NA,NA,NA,NA,NA,NA,NA,NA,NA,NA,NA,GPS10 - SD8/2 - F7.
97,Leao,ML,8-Feb-20,NA,22:20,NA,NA,NA,NA,NA,NA,BR 20516,BR 20517,NA,NA,NA,NA,NA,NA,NA,NA,NA,NA,NA,NA,NA,NA,NA,NA,NA,NA,NA,NA,NA,NA,NA,
98,Leao,CD,8-Feb-20,50,22:30,10,N50,-3.86968,-32.4368,NA,NA,BRA 21616,BRA 21617,NA,112.1,101.9,SIM,#50-08/02/20-BRA21616/ BRA21617,I,NA,NA,NA,NA,NA,NA,NA,NA,NA,NA,NA,NA,NA,NA,NA,NA,NA,GPS10 - N50
99,Leao,ML,8-Feb-20,NA,23:15,NA,NA,NA,NA,NA,NA,BR 20516,BR 20517,NA,123,108.8,NAO,NA,NA,NA,NA,NA,NA,NA,NA,NA,NA,NA,NA,NA,NA,NA,NA,NA,NA,NA,
100,Leao,SD,8-Feb-20,NA,00:45,10,SD3,-3.87005,-32.43938,BRA 21625,BRA 21670,NA,NA,NA,103.5,96.5,SIM,#SD-02/02/20-BRA21625/ BRA21670,NA,NA,NA,NA,NA,NA,NA,NA,NA,NA,NA,NA,NA,NA,NA,NA,NA,NA,GPS10 - SD3 - F19.
101,Leao,ML,8-Feb-20,NA,01:28,NA,NA,NA,NA,NA,NA,BR 20597,BR 38691,NA,114,99.5,NAO,NA,NA,NA,NA,NA,NA,NA,NA,NA,NA,NA,NA,NA,NA,NA,NA,NA,NA,NA,
102,Leao,ML,8-Feb-20,NA,01:28,NA,NA,NA,NA,NA,NA,NA,NA,NA,NA,NA,NA,NA,NA,NA,NA,NA,NA,NA,NA,NA,NA,NA,NA,NA,NA,NA,NA,NA,NA,NA,
103,Leao,CD,8-Feb-20,51,02:30,10,N51,-3.86988,-32.43727,BRA 21671,BRA 21672,NA,NA,NA,106.2,94.3,SIM,#51-08/02/20-BRA21671/ BRA21672,I,NA,NA,NA,NA,NA,NA,NA,NA,NA,NA,NA,NA,NA,NA,NA,NA,NA,GPS10 - N51
104,Leao,ML,8-Feb-20,NA,03:00,NA,NA,NA,NA,NA,NA,BR 20516,BR 20517,NA,NA,NA,NA,NA,NA,NA,NA,NA,NA,NA,NA,NA,NA,NA,NA,NA,NA,NA,NA,NA,NA,NA,
105,Leao,SD,9-Feb-20,NA,20:25,NA,NA,NA,NA,NA,NA,BRA 21647,BRA 21648,NA,113,105,NA,NA,NA,NA,NA,NA,NA,NA,NA,NA,NA,NA,NA,NA,NA,NA,NA,NA,NA,NA,
106,Leao,SD,9-Feb-20,NA,20:28,NA,NA,NA,NA,NA,NA,BR 20516,BR 20517,NA,123.5,107.4,NA,NA,NA,NA,NA,NA,NA,NA,NA,NA,NA,NA,NA,NA,NA,NA,NA,NA,NA,NA,
107,Leao,CD,9-Feb-20,52,20:28,10,N52,-3.869525,-32.436185,NA,NA,BR 38657,BR 38683,NA,109.5,101.5,NAO,NA,I,NA,NA,NA,NA,NA,NA,NA,NA,NA,NA,NA,NA,NA,NA,NA,NA,NA,GPS 10 - N52 - F5. Queloide na nadadeira esquerda.
108,Leao,CD,9-Feb-20,53,20:28,10,N53,-3.86953,-32.43613,NA,NA,BR 20597,BR 38691,NA,113.4,102.2,SIM,# 53- 09/02/20- BR 20597/ BR 38691,I,NA,NA,NA,NA,NA,NA,NA,NA,NA,NA,NA,NA,NA,NA,NA,NA,NA,GPS 10 - N53 - F21.  Queloide na nadadeira esquerda.
109,Leao,SD,9-Feb-20,NA,20:30,NA,NA,-3.870051,-32.439386,NA,NA,BRA 21625,BRA 21670,NA,103.5,96.5,NA,NA,NA,NA,NA,NA,NA,NA,NA,NA,NA,NA,NA,NA,NA,NA,NA,NA,NA,NA,
110,Leao,CD,9-Feb-20,54,20:30,11,N54 (I) e N54P (P),-3.86993,-32.43875,NA,NA,BRA 21643,BR 77078,NA,NA,NA,NAO,NA,P,NA,NA,NA,A,150,0,-3.86996,-32.43863,NA,NA,OT,NA,NA,NA,NA,NA,NA,GPS 10 - N 54 e N54P - F11. Transferido por risco de alagar. Ninnho inundado pelas chuvas + mare.
111,Leao,CD,9-Feb-20,56,20:30,11,N56,-3.8699,-32.43768,NA,NA,BRA 21618,BR 98337,NA,112.3,102,NAO,NA,I,NA,NA,NA,NA,NA,NA,NA,NA,NA,NA,NA,NA,NA,NA,NA,NA,NA,GPS 10 - N56 - F12. Ambas as marcas nas nadadeiras esquerdas (anterior e posterior).
112,Leao,CD,9-Feb-20,55,03:30,11,N?6,-3.869879,-32.438769,NA,NA,BRA 21647,BRA 21648,NA,113,105,SIM,#55-9/02/20-BRA 21647/ BRA 21648,I,NA,NA,NA,NA,NA,NA,NA,NA,NA,NA,OT,NA,NA,NA,NA,NA,NA,GPS 11- N?6 - F11. Ninho inundando pelas chuvas + mare.
113,Leao,CD,10-Feb-20,58,20:30,10,N58,-3.8696,-32.4361,NA,NA,BR 20516,BR 20517,NA,123.5,107.4,NAO,NA,I,502117,2/10/2020 22:40,4/10/2020 18:28,NA,NA,NA,NA,NA,NA,10-Apr-20,SU,111,19,20,150,NA,SIM - 8 filhotes,GPS 10 - N 58 - F7.
114,Leao,SD,10-Feb-20,NA,NA,NA,NA,NA,NA,NA,NA,NA,NA,NA,NA,NA,NA,NA,NA,NA,NA,NA,NA,NA,NA,NA,NA,NA,NA,NA,NA,NA,NA,NA,NA,NA,Ocorrência antes de 20:20.
115,Leao,CD,10-Feb-20,57,20:50,10,N57,-3.86995,-32.43748,NA,NA,BRA 21625,BRA 21670,NA,103.8,97,SIM,#57-10/02/20-BRA 21625/ BRA 21670,I,NA,NA,NA,NA,NA,NA,NA,NA,NA,NA,NA,NA,NA,NA,NA,NA,NA,GPS 10 - N57 - F19.
116,Leao,ML,10-Feb-20,NA,22:20,NA,NA,NA,NA,BRA 21657,BRA 21658,NA,NA,NA,105.8,94.5,NA,NA,NA,NA,NA,NA,NA,NA,NA,NA,NA,NA,NA,NA,NA,NA,NA,NA,NA,NA,
117,Leao,ML,10-Feb-20,NA,NA,NA,NA,NA,NA,NA,NA,NA,NA,NA,NA,NA,NA,NA,NA,NA,NA,NA,NA,NA,NA,NA,NA,NA,NA,NA,NA,NA,NA,NA,NA,NA,Ocorrência antes de 20:20.
118,Leao,CD,11-Feb-20,59,20:30,10,N59,-3.87004,-32.43798,NA,NA,BRA 21607,BRA 21608,NA,NA,NA,NAO,NA,I,502118,2/11/2020 22:07,4/10/2020 17:40,NA,NA,NA,NA,NA,NA,10-Apr-20,SU,80,2,5,87,NA,SIM - 1 filhote,GPS10 - N59 - F2.  2 ovos anômalos.
119,Leao,CD,11-Feb-20,60,22:00,11,N60,-3.86948,-32.43615,NA,NA,BRA 21629,BRA 21630,NA,106.7,96,SIM,#60-11/02/2020-BRA21629/ BRA21630,I,502127,2/12/2020 00:53,4/10/2020 17:40,NA,NA,NA,NA,NA,NA,10-Apr-20,SU,83,0,3,86,NA,NAO,GPS11 - N60 - F15. Queoide nanadeira esquerda.
120,Leao,ML,12-Feb-20,NA,NA,NA,NA,NA,NA,NA,NA,NA,NA,NA,NA,NA,NA,NA,NA,NA,NA,NA,NA,NA,NA,NA,NA,NA,NA,NA,NA,NA,NA,NA,NA,NA,Ocorrência antes de 20:20.
121,Leao,CD,12-Feb-20,61,21:38,10,N61,-3.86985,-32.43734,NA,NA,BRA 21649,BRA 21650,NA,105,90,SIM,#61-12/02/20- BRA 21649/ BRA 21650,I,NA,NA,NA,NA,NA,NA,NA,NA,NA,NA,NA,NA,NA,NA,NA,NA,NA,GPS 10 - N61. Cicatriz na nadadeira anterior direita.
122,Leao,ML,13-Feb-20,NA,20:20,11,BRA21659 ML,-3.86952,-32.43496,BRA 21659,NA,NA,NA,NA,NA,NA,NA,NA,NA,NA,NA,NA,NA,NA,NA,NA,NA,NA,NA,NA,NA,NA,NA,NA,NA,NA,GPS 11 -  BRA21659 ML - Tartaruga descendo
123,Leao,CD,13-Feb-20,63,20:25,11,N63,-3.86951,-32.43639,NA,NA,BR 67308,BR 68658,NA,120.8,106.7,SIM,#63- 13/02/20- BR 67308 / BR 68658,I,NA,NA,NA,NA,NA,NA,NA,NA,NA,10-Apr-20,SU,48,0,6,54,NA,NAO,GPS 11 - N63 - F24. Cicatriz de copula no lado direito do casco.
124,Leao,CD,13-Feb-20,62,20:30,10,N62,-3.86986,-32.43707,NA,NA,BRA 21620,BRA 21622,NA,103.7,98.1,NAO,NA,I,NA,NA,NA,NA,NA,NA,NA,NA,NA,10-Apr-20,SU,81,0,6,87,NA,NAO,GPS 10 - N62 - F6.
125,Leao,ML,13-Feb-20,NA,20:40,NA,NA,NA,NA,NA,NA,NA,NA,NA,NA,NA,NA,NA,NA,NA,NA,NA,NA,NA,NA,NA,NA,NA,NA,NA,NA,NA,NA,NA,NA,NA,
126,Leao,CD,13-Feb-20,64,22:10,10,N64 (I) e N64P (P),-3.87002,-32.43823,NA,NA,BRA 21627,BR 83329,NA,113.7,107,NAO,NA,P,NA,NA,NA,A,105,0,-3.87007,-32.438,NA,NA,NA,NA,NA,NA,NA,NA,NAO,GPS 10 - N 64 / N 64P.
127,Leao,CD,15-Feb-20,65,20:17,11,N65,-3.86955,-32.43615,NA,NA,BRA 21657,BRA 21658,NA,106.5,96.7,SIM,#65-15/02/20- BRA 21657  / BRA 21658,I,502126,2/15/2020 22:14,4/10/2020 17:45,NA,NA,NA,NA,NA,NA,10-Apr-20,SU,35,0,31,66,NA,NAO,GPS 11 - N65 - F22.
128,Leao,ML,15-Feb-20,NA,NA,NA,NA,NA,NA,NA,NA,NA,NA,NA,NA,NA,NA,NA,NA,NA,NA,NA,NA,NA,NA,NA,NA,NA,NA,NA,NA,NA,NA,NA,NA,NA,Ocorrência entre 20:30  e 21:30.
129,Leao,CD,15-Feb-20,66,20:20,10,N66,-3.86962,-32.4363,NA,NA,BR 26380,BRA 21602,NA,NA,NA,NAO,NA,I,NA,NA,NA,NA,NA,NA,NA,NA,NA,NA,NA,NA,NA,NA,NA,NA,NAO,GPS 10 - N66 - F1.
130,Leao,ML,16-Feb-20,NA,NA,NA,NA,NA,NA,NA,NA,NA,NA,NA,NA,NA,NA,NA,NA,NA,NA,NA,NA,NA,NA,NA,NA,NA,NA,NA,NA,NA,NA,NA,NA,NA,Ocorrência entre 23:00 e 00:00.
131,Leao,ML,16-Feb-20,NA,NA,NA,NA,NA,NA,NA,NA,NA,NA,NA,NA,NA,NA,NA,NA,NA,NA,NA,NA,NA,NA,NA,NA,NA,NA,NA,NA,NA,NA,NA,NA,NA,Ocorrência entre 00:00 e 1:00.
132,Leao,SD,17-Feb-20,NA,20:25,10,SD17/02,-3.86945,-32.4353,BRA 21646,NA,BRA 21659,NA,NA,106,96.2,NAO,NA,NA,NA,NA,NA,NA,NA,NA,NA,NA,NA,NA,NA,NA,NA,NA,NA,NA,NA,GPS10 - SD17/02.
133,Leao,CD,17-Feb-20,67,20:40,11,N67,-3.86981,-32.43737,NA,NA,BRA 21614,BRA 21615,NA,NA,NA,NAO,NA,I,NA,NA,NA,NA,NA,NA,NA,NA,NA,NA,NA,NA,NA,NA,NA,NA,NAO,GPS 11 - N67 - F8.
134,Leao,CD,17-Feb-20,68,20:40,10,N68,-3.86979,-32.43709,NA,NA,BRA 21632,BRA 21641,NA,105.5,97.9,SIM,#68-17/02/20-BRA21632/ BRA21641,I,NA,NA,NA,NA,NA,NA,NA,NA,NA,10-Apr-20,SU,93,8,5,106,NA,NAO,GPS 10 - N68 - F13.
135,Leao,CD,17-Feb-20,69,20:43,11,N69,-3.87007,-32.43798,BRA 21660,BRA 21673,NA,NA,NA,114,106,SIM,#69-17/02/20-BRA21660/ BRA21673,I,NA,NA,NA,NA,NA,NA,NA,NA,NA,10-Apr-20,SU,95,0,5,99,NA,SIM - 4 filhotes,GPS 11 - N69 - F25. Marca BRA 21673 colocada entre a 2 e 3 escama da nadadeira direita. Cicatriz de marca. Foto ID ok.
136,Leao,SD,17-Feb-20,NA,22:05,10,SD17/02-1,-3.86945,-32.43573,NA,NA,BRA 21633,BRA 21634,NA,NA,NA,NA,NA,NA,NA,NA,NA,NA,NA,NA,NA,NA,NA,NA,NA,NA,NA,NA,NA,NA,NA,GPS 10 - SD17/02-1 - F17.
137,Leao,CD,17-Feb-20,70,00:30,11,N70,-3.86945,-32.43656,NA,NA,BRA 21633,BRA 21634,NA,NA,NA,SIM,#70-17/02/20-BRA21633/ BRA21634,I,NA,NA,NA,NA,NA,NA,NA,NA,NA,NA,NA,NA,NA,NA,NA,NA,NAO,GPS 11 - N70 - F17.
138,Leao,ML,17-Feb-20,NA,NA,NA,NA,NA,NA,NA,NA,NA,NA,NA,NA,NA,NA,NA,NA,NA,NA,NA,NA,NA,NA,NA,NA,NA,NA,NA,NA,NA,NA,NA,NA,NA,
139,Leao,SD,18-Feb-20,NA,22:00,NA,NA,NA,NA,NA,NA,BRA 21646,BRA 21659,NA,NA,NA,NA,NA,NA,NA,NA,NA,NA,NA,NA,NA,NA,NA,NA,NA,NA,NA,NA,NA,NA,NA,
140,Leao,CD,18-Feb-20,71,23:40,11,N71,-3.8697,-32.43639,NA,NA,BRA 21603,BR 53308,NA,104,102.4,SIM,#71- 18/02/20- BRA 21603/ BR 53308,I,NA,NA,NA,NA,NA,NA,NA,NA,NA,10-Apr-20,SU,86,12,6,104,NA,SIM - 7 filhotes,GPS 11 - N71 - F14 (painted again). Fotos.
141,Leao,ML,18-Feb-20,NA,01:30,NA,NA,NA,NA,NA,NA,BR 77078,BRA 21643,NA,NA,NA,NA,NA,NA,NA,NA,NA,NA,NA,NA,NA,NA,NA,NA,NA,NA,NA,NA,NA,NA,NA,
142,Leao,SD,18-Feb-20,NA,NA,NA,NA,NA,NA,NA,NA,NA,NA,NA,NA,NA,NA,NA,NA,NA,NA,NA,NA,NA,NA,NA,NA,NA,NA,NA,NA,NA,NA,NA,NA,NA,
143,Leao,CD,19-Feb-20,73,20:31,10,N73,-3.86975,-32.43682,NA,NA,BR 20516,BR 20517,NA,123.5,110,SIM,#73-19/02/20-BR 20516/ BR 20517,I,NA,NA,NA,NA,NA,NA,NA,NA,NA,NA,NA,NA,NA,NA,NA,NA,NA,GPS 10 - N73.
144,Leao,CD,19-Feb-20,72,20:32,10,N72,-3.86968,-32.43697,NA,NA,BR 38657,BR 38683,NA,NA,NA,NAO,NA,I,NA,NA,NA,NA,NA,NA,NA,NA,NA,10-Apr-20,SU,97,8,10,115,NA,SIM - 32 filhotes,"GPS 10 - N72 - F5 (repainted). Cesária (""1 braço"" de profundidade)."
145,Leao,ML,19-Feb-20,NA,21:34,NA,NA,NA,NA,NA,NA,BRA 21616,BRA 21617,NA,NA,NA,NA,NA,NA,NA,NA,NA,NA,NA,NA,NA,NA,NA,NA,NA,NA,NA,NA,NA,NA,NA,
146,Leao,CD,19-Feb-20,74,21:32,10,N74,-3.87007,32.43801,BRA 21623,BRA 21665,NA,NA,NA,103.7,97,SIM,#74- 19/02/20- BRA 21625/ BRA 21623,I,NA,NA,NA,NA,NA,NA,NA,NA,NA,NA,NA,NA,NA,NA,NA,NA,NAO,GPS 10 - N74 - F26.
147,Leao,CD,19-Feb-20,75,23:49,10,N75,-3.86976,-32.43707,NA,NA,BR 77078,BRA 21643,NA,NA,NA,NAO,NA,I,NA,NA,NA,NA,NA,NA,NA,NA,NA,NA,NA,NA,NA,NA,NA,NA,NAO,GPS 10 - N75 - F11 (repainted).
148,Leao,ML,19-Feb-20,NA,NA,NA,NA,NA,NA,NA,NA,NA,NA,NA,NA,NA,NA,NA,NA,NA,NA,NA,NA,NA,NA,NA,NA,NA,NA,NA,NA,NA,NA,NA,NA,NA,Ocorrência entre 00:00 e 1:00.
149,Leao,CD,19-Feb-20,76,01:40,11,N76,-3.86988,-32.43774,NA,NA,BR 98337,BRA 21618,NA,NA,NA,NAO,NA,I,NA,NA,NA,NA,NA,NA,NA,NA,NA,NA,NA,NA,NA,NA,NA,NA,NAO,GPS 11 - N76 - F12 (repainted).
150,Leao,CD,19-Feb-20,77,01:08,10,N77,-3.86977,-32.43716,NA,NA,BR 38691,BR 20597,NA,NA,NA,SIM,#77-19/02/20-BR 20587/ BR 38691,I,NA,NA,NA,NA,NA,NA,NA,NA,NA,10-Apr-20,SU,98,2,7,107,NA,SIM - 32 filhotes,GPS 10 - N77 - F21 (repainted). Cesária.
151,Leao,CD,19-Feb-20,78,01:58,10,N78,-3.86973,-32.43683,NA,NA,BRA 21616,BRA 21617,NA,NA,NA,NAO,NA,I,NA,NA,NA,NA,NA,NA,NA,NA,NA,NA,NA,NA,NA,NA,NA,NA,NA,GPS 10 - N78 - F10 (repainteded).
152,Leao,ML,19-Feb-20,NA,02:20,NA,NA,NA,NA,NA,NA,BRA 21647,BRA 21648,NA,NA,NA,NA,NA,NA,NA,NA,NA,NA,NA,NA,NA,NA,NA,NA,NA,NA,NA,NA,NA,NA,NA,
153,Leao,ML,20-Feb-20,NA,NA,NA,NA,NA,NA,NA,NA,NA,NA,NA,NA,NA,NA,NA,NA,NA,NA,NA,NA,NA,NA,NA,NA,NA,NA,NA,NA,NA,NA,NA,NA,NA,Ocorrência antes de 20:20.
154,Leao,ML,20-Feb-20,NA,NA,NA,NA,NA,NA,NA,NA,NA,NA,NA,NA,NA,NA,NA,NA,NA,NA,NA,NA,NA,NA,NA,NA,NA,NA,NA,NA,NA,NA,NA,NA,NA,Ocorrência entre 20:30 e 21:30.
155,Leao,CD,20-Feb-20,79,21:56,11,N79,-3.86966,-32.43657,BRA 21663,BRA 21664,NA,NA,NA,101.5,94.5,SIM,#79-20/02/20-BRA 21663/ BRA 21664,I,NA,NA,NA,NA,NA,NA,NA,NA,NA,10-Apr-20,SU,69,0,6,75,NA,NAO,GPS 11 - N79 - F27. 2 ovos anomalos pequenos.
156,Leao,CD,20-Feb-20,80,02:40,11,N80,-3.87005,-32.43778,NA,NA,BRA 21647,BRA 21648,NA,112.6,103.7,NAO,NA,I,NA,NA,NA,NA,NA,NA,NA,NA,NA,10-Apr-20,SU,103,14,7,124,NA,SIM - 32 filhotes,GPS 11 - N80. Foto ok.
157,Leao,CD,20-Feb-20,82,03:00,11,N82,-3.86987,-32.4372,NA,NA,BRA 21670,BRA 21625,NA,104.5,96,NAO,NA,I,NA,NA,NA,NA,NA,NA,NA,NA,NA,NA,NA,NA,NA,NA,NA,NA,NAO,GPS 11 - N82 - F19.
158,Leao,ML,20-Feb-20,NA,03:00,11,ML F28,-3.86995,-32.43722,BRA 21613,BRA 21626,NA,NA,NA,NA,NA,NAO,NA,NA,NA,NA,NA,NA,NA,NA,NA,NA,NA,NA,NA,NA,NA,NA,NA,NA,NA,GPS 11 - ML F28 - F28. 
159,Leao,ML,21-Feb-20,NA,NA,NA,NA,NA,NA,NA,NA,NA,NA,NA,NA,NA,NA,NA,NA,NA,NA,NA,NA,NA,NA,NA,NA,NA,NA,NA,NA,NA,NA,NA,NA,NA,Ocorrência antes de 20:20.
160,Leao,ML,21-Feb-20,NA,NA,NA,NA,NA,NA,NA,NA,NA,NA,NA,NA,NA,NA,NA,NA,NA,NA,NA,NA,NA,NA,NA,NA,NA,NA,NA,NA,NA,NA,NA,NA,NA,Ocorrência antes de 20:20.
161,Leao,CD,21-Feb-20,81,20:31,10,N81,-3.8697,-32.43666,BRA 21651,BRA 21652,NA,NA,NA,115,106.7,SIM,#81-21/02/20- BRA 21651/ BRA 21652,I,NA,NA,NA,NA,NA,NA,NA,NA,NA,NA,NA,NA,NA,NA,NA,NA,NA,GPS 10 - N81 - F 29. Fotos ok.
162,Leao,CD,21-Feb-20,83,20:33,11,N83,-3.86987,-32.43731,BRA 21662,BRA 21676,NA,NA,NA,108.1,104.3,SIM,#83- 21/02/20- BRA 21662/ BRA 21676,I,NA,NA,NA,NA,NA,NA,NA,NA,NA,NA,NA,NA,NA,NA,NA,NA,NA,GPS 11 - N83 - F30. Fotos ok. Cavou mais ou menos 23 ovos do ninho 61.
163,Leao,CD,21-Feb-20,84,21:40,10,N84I (I) e N84P (P),-3.87036,-32.43806,BRA 21645,NA,BRA 21629,NA,BRA 21630,NA,NA,SIM,#84- 21/02/20- BRA 21629/ BRA 21645,P,NA,NA,NA,A,100,0,-3.87004,-32.43795,NA,NA,NA,NA,NA,NA,NA,NA,NA,GPS 10 - N84I e N84P - F15.
164,Leao,ML,22-Feb-20,NA,NA,NA,NA,NA,NA,NA,NA,NA,NA,NA,NA,NA,NA,NA,NA,NA,NA,NA,NA,NA,NA,NA,NA,NA,NA,NA,NA,NA,NA,NA,NA,NA,Ocorrência antes de 20:20.
165,Leao,ML,22-Feb-20,NA,20:29,NA,NA,NA,NA,NA,NA,BRA 21646,BRA 21659,NA,NA,NA,NA,NA,NA,NA,NA,NA,NA,NA,NA,NA,NA,NA,NA,NA,NA,NA,NA,NA,NA,NA,
166,Leao,SD,22-Feb-20,NA,20:33,NA,NA,NA,NA,NA,NA,BRA 21671,BRA 21672,NA,NA,NA,NAO,NA,NA,NA,NA,NA,NA,NA,NA,NA,NA,NA,NA,NA,NA,NA,NA,NA,NA,NA,
167,Leao,CD,23-Feb-20,85,20:20,11,N85,-3.86975,-32.43682,NA,NA,BRA 21613,BRA 21626,NA,NA,NA,NAO,NA,I,NA,NA,NA,NA,NA,NA,NA,NA,NA,NA,NA,NA,NA,NA,NA,NA,NA,GPS11 - N85.
168,Leao,CD,23-Feb-20,87,20:27,11,N87,-3.86975,-32.43764,NA,NA,BRA 21607,BRA 21608,NA,NA,NA,NAO,NA,I,NA,NA,NA,NA,NA,NA,NA,NA,NA,NA,NA,NA,NA,NA,NA,NA,NA,GPS 11 - N87.
169,Leao,CD,23-Feb-20,86,20:30,11,N86,-3.87002,-32.43784,NA,NA,BR 83329,BRA 21627,NA,NA,NA,NAO,NA,I,896699,2/23/2020 20:57,5/27/2020 08:00,NA,NA,NA,NA,NA,NA,27-May-20,NM,NA,NA,NA,NA,NA,NAO,GPS 11 - N86. Tiny Tag removed by TAMAR.
170,Leao,ML,23-Feb-20,NA,00:15,NA,NA,NA,NA,NA,NA,NA,NA,NA,NA,NA,NA,NA,NA,NA,NA,NA,NA,NA,NA,NA,NA,NA,NA,NA,NA,NA,NA,NA,NA,NA,
171,Leao,CD,23-Feb-20,88,02:50,11,N88,-3.86998,-32.43774,NA,NA,BRA 21649,BRA 21650,NA,NA,NA,SIM,#88-23/02/20- BRA 21649/ BRA 21650,I,895561,2/24/2020 03:11,5/27/2020 08:00,NA,NA,NA,NA,NA,NA,27-May-20,NM,NA,NA,NA,NA,NA,NAO,GPS 11 - N88 - F16. Tiny Tag removed by TAMAR.
172,Leao,SD,24-Feb-20,NA,NA,NA,NA,NA,NA,NA,NA,NA,NA,NA,NA,NA,NA,NA,NA,NA,NA,NA,NA,NA,NA,NA,NA,NA,NA,NA,NA,NA,NA,NA,NA,NA,Ocorrência antes de 20:20.
173,Leao,CD,24-Feb-20,89,20:25,10,N89,-3.86971,-32.43677,BRA 21653,BRA 21654,NA,NA,NA,112.4,98.8,SIM,#89-24/02/20-BRA 21653/ BRA 21654,I,NA,NA,NA,NA,NA,NA,NA,NA,NA,NA,NA,NA,NA,NA,NA,NA,NAO,GPS 10 - N89 - F31. Fotos ok.
174,Leao,ML,24-Feb-20,NA,NA,NA,NA,NA,NA,NA,NA,NA,NA,NA,NA,NA,NA,NA,NA,NA,NA,NA,NA,NA,NA,NA,NA,NA,NA,NA,NA,NA,NA,NA,NA,NA,Ocorrência entre 1:00 e 2:00.
175,Leao,SD,25-Feb-20,NA,20:41,11,F23 SD,-3.86943,-32.43517,NA,NA,BRA 21646,BRA 21659,NA,NA,NA,NA,NA,NA,NA,NA,NA,NA,NA,NA,NA,NA,NA,NA,NA,NA,NA,NA,NA,NA,NA,GPS 11 - F23 SD
176,Leao,ML,25-Feb-20,NA,NA,NA,NA,NA,NA,NA,NA,NA,NA,NA,NA,NA,NA,NA,NA,NA,NA,NA,NA,NA,NA,NA,NA,NA,NA,NA,NA,NA,NA,NA,NA,NA,Ocorrência antes de 20:40.
177,Leao,ML,25-Feb-20,NA,20:47,NA,NA,NA,NA,NA,NA,BRA 21602,BR 26380,NA,NA,NA,NA,NA,NA,NA,NA,NA,NA,NA,NA,NA,NA,NA,NA,NA,NA,NA,NA,NA,NA,NA,
178,Leao,CD,25-Feb-20,90,22:00,NA,NA,-3.8698,-32.43692,NA,NA,BRA 21646,BRA 21659,NA,105.5,96.5,SIM,#90-25/02/20-BRA 21646/ BRA 21659,I,NA,NA,NA,NA,NA,NA,NA,NA,NA,NA,NA,NA,NA,NA,NA,NA,NAO,GPS 10 - N90 - F23. Fotos ok.
179,Leao,SD,26-Feb-20,NA,20:20,NA,NA,NA,NA,NA,NA,BR 67308,BR 68658,NA,NA,NA,NA,NA,NA,NA,NA,NA,NA,NA,NA,NA,NA,NA,NA,NA,NA,NA,NA,NA,NA,NA,
180,Leao,CD,26-Feb-20,91,20:21,11,N91,-3.86941,-32.43571,NA,NA,BRA 21602,BR 26380,NA,NA,NA,NAO,NA,I,NA,NA,NA,NA,NA,NA,NA,NA,NA,NA,NA,NA,NA,NA,NA,NA,NAO,GPS 11 - N91 - F1. Fotos.
181,Leao,CD,27-Feb-20,92,20:25,10,N92,-3.86996,-32.4381,NA,NA,BRA 21632,BRA 21641,NA,NA,NA,NAO,NA,I,896691,2/27/2020 21:48,5/27/2020 07:58,NA,NA,NA,NA,NA,NA,27-May-20,NM,NA,NA,NA,NA,NA,NAO,GPS 10 - N92 - F13.  Tiny Tag removed by TAMAR.
182,Leao,CD,27-Feb-20,93,20:55,11,N93,-3.86951,-32.43614,NA,NA,BR 67308,BR 38658,NA,NA,NA,NA,NA,I,NA,NA,NA,NA,NA,NA,NA,NA,NA,NA,NA,NA,NA,NA,NA,NA,NA,GPS 11- N 93- F24
183,Leao,SD,27-Feb-20,NA,21:33,NA,NA,NA,NA,NA,NA,BR 20516,BR 20517,NA,NA,NA,NA,NA,NA,NA,NA,NA,NA,NA,NA,NA,NA,NA,NA,NA,NA,NA,NA,NA,NA,NA,F7
184,Leao,ML,27-Feb-20,NA,NA,NA,NA,NA,NA,NA,NA,NA,NA,NA,NA,NA,NA,NA,NA,NA,NA,NA,NA,NA,NA,NA,NA,NA,NA,NA,NA,NA,NA,NA,NA,NA,Ocorrência entre 20:40 e 21:40.
185,Leao,ML,27-Feb-20,NA,NA,NA,NA,NA,NA,NA,NA,NA,NA,NA,NA,NA,NA,NA,NA,NA,NA,NA,NA,NA,NA,NA,NA,NA,NA,NA,NA,NA,NA,NA,NA,NA,Ocorrência entre 20:40 e 21:40.
186,Leao,CD,28-Feb-20,94,20:05,10,42,-3.86958,-32.43628,NA,NA,BRA 21657,BRA 21658,NA,NA,NA,SIM,#94-28/02/20-BRA21657/ BRA 21658,I,NA,NA,NA,NA,NA,NA,NA,NA,NA,NA,NA,NA,NA,NA,NA,NA,NAO,GPS 10 - 042 - F22.
187,Leao,CD,28-Feb-20,95,20:10,11,N95,-3.87005,-32.43781,NA,NA,BRA 21660,BRA 21673,NA,NA,NA,SIM,#95-28/02/20-BRA 21660/ BRA 21673,I,NA,NA,NA,NA,NA,NA,NA,NA,NA,NA,NA,NA,NA,NA,NA,NA,NAO,GPS 11 - N95 - F25.
188,Leao,CD,28-Feb-20,96,20:10,11,N96,-3.87013,-32.43812,NA,NA,BRA 21614,BRA 21615,NA,NA,NA,NAO,NA,I,NA,NA,NA,NA,NA,NA,NA,NA,NA,NA,NA,NA,NA,NA,NA,NA,NAO,GPS 11 - N96 - F8.
189,Leao,ML,28-Feb-20,NA,20:13,NA,NA,NA,NA,NA,NA,BR 20516,BR 20517,NA,NA,NA,NA,NA,NA,NA,NA,NA,NA,NA,NA,NA,NA,NA,NA,NA,NA,NA,NA,NA,NA,NA,
190,Leao,ML,28-Feb-20,NA,20:45,NA,NA,NA,NA,NA,NA,BR 20516,BR 20517,NA,NA,NA,NA,NA,NA,NA,NA,NA,NA,NA,NA,NA,NA,NA,NA,NA,NA,NA,NA,NA,NA,NA,
191,Leao,CD,28-Feb-20,97,21:05,11,N97,-3.87003,-32.43761,NA,NA,BRA 21633,BRA 21634,NA,NA,NA,NAO,NA,I,NA,NA,NA,NA,NA,NA,NA,NA,NA,NA,NA,NA,NA,NA,NA,NA,NAO,GPS 11 - N97 - F17.
192,Leao,ML,28-Feb-20,NA,21:11,NA,NA,NA,NA,NA,NA,BR 38657,BR 38683,NA,NA,NA,NA,NA,NA,NA,NA,NA,NA,NA,NA,NA,NA,NA,NA,NA,NA,NA,NA,NA,NA,NA,
193,Leao,CD,28-Feb-20,98,22:08,11,N98,-3.86975,-32.43676,NA,NA,BR 20516,BR 20517,NA,NA,NA,NAO,NA,I,NA,NA,NA,NA,NA,NA,NA,NA,NA,NA,NA,NA,NA,NA,NA,NA,NAO,GPS 11 - N98 - F7. Fotos ok.
194,Leao,CD,28-Feb-20,99,22:21,10,N99,-3.86948,-32.43612,NA,NA,BR 38657,BR 38683,NA,NA,NA,NAO,NA,I,NA,NA,NA,NA,NA,NA,NA,NA,NA,NA,NA,NA,NA,NA,NA,NA,NAO,GPS 10 - N99 - F5.
195,Leao,CD,28-Feb-20,100,03:40,11,N100,-3.86974,-32.43764,NA,NA,BRA 21603,BR 53308,NA,NA,NA,NAO,NA,I,NA,NA,NA,NA,NA,NA,NA,NA,NA,NA,NA,NA,NA,NA,NA,NA,NAO,GPS 11 - N100 - F14.
196,Leao,ML,29-Feb-20,NA,NA,NA,NA,NA,NA,NA,NA,NA,NA,NA,NA,NA,NA,NA,NA,NA,NA,NA,NA,NA,NA,NA,NA,NA,NA,NA,NA,NA,NA,NA,NA,NA,Ocorrência antes de 20:13.
197,Leao,CD,29-Feb-20,101,20:15,10,N101,-3.8696,-32.43692,NA,NA,BRA 21618,BR 98337,NA,NA,NA,NAO,NA,I,NA,NA,NA,NA,NA,NA,NA,NA,NA,NA,NA,NA,NA,NA,NA,NA,NAO,GPS 10 - N101. Marca BR 98337 na nadadeira posterior esquerda. 
198,Leao,CD,29-Feb-20,102,20:25,11,N102,-3.86987,-32.43726,NA,NA,BRA 21643,BR 77078,NA,NA,NA,NAO,NA,I,NA,NA,NA,NA,NA,NA,NA,NA,NA,NA,NA,NA,NA,NA,NA,NA,NAO,GPS 11 -  N102 - F11. Cicatriz nadadeira anterior direita. Fotos ok.
199,Leao,CD,29-Feb-20,103,20:30,11,N103,-3.86994,-32.43753,NA,NA,BRA 21671,BRA 21672,NA,NA,NA,SIM,#103- 29/02/20- BRA 21671/ BRA 21672,I,NA,NA,NA,NA,NA,NA,NA,NA,NA,NA,NA,NA,NA,NA,NA,NA,NAO,GPS 11 - N103 - F20. Fotos ok.
200,Leao,CD,29-Feb-20,104,21:02,10,N104,-3.86959,-32.43627,NA,NA,BR 38691,BR 20597,NA,NA,NA,NAO,NA,I,NA,NA,NA,NA,NA,NA,NA,NA,NA,NA,NA,NA,NA,NA,NA,NA,NAO,GPS 10 - N104 - F21. Fotos ok.
201,Leao,ML,29-Feb-20,NA,NA,NA,NA,NA,NA,NA,NA,NA,NA,NA,NA,NA,NA,NA,NA,NA,NA,NA,NA,NA,NA,NA,NA,NA,NA,NA,NA,NA,NA,NA,NA,NA,Ocorrência entre 21:20 e 22:24.
202,Leao,ML,29-Feb-20,NA,NA,NA,NA,NA,NA,NA,NA,NA,NA,NA,NA,NA,NA,NA,NA,NA,NA,NA,NA,NA,NA,NA,NA,NA,NA,NA,NA,NA,NA,NA,NA,NA,
203,Leao,CD,29-Feb-20,105,00:45,11,N105,-3.86957,-32.43608,BRA 21677,BRA 21678,NA,NA,NA,106,94,SIM,#105-29/02/20- BRA 21677/ BRA 21678,I,NA,NA,NA,NA,NA,NA,NA,NA,NA,NA,NA,NA,NA,NA,NA,NA,NAO,GPS 11 - N105 - F32. Fotos ok.
204,Leao,ML,1-Mar-20,NA,NA,NA,NA,NA,NA,NA,NA,NA,NA,NA,NA,NA,NA,NA,NA,NA,NA,NA,NA,NA,NA,NA,NA,NA,NA,NA,NA,NA,NA,NA,NA,NA,Ocorrência antes de 20:20.
205,Leao,SD,1-Mar-20,NA,NA,NA,NA,NA,NA,NA,NA,NA,NA,NA,NA,NA,NA,NA,NA,NA,NA,NA,NA,NA,NA,NA,NA,NA,NA,NA,NA,NA,NA,NA,NA,NA,Ocorrência antes de 20:20.
206,Leao,SD,1-Mar-20,NA,21:40,NA,NA,NA,NA,NA,NA,BRA 21623,BRA 21665,NA,NA,NA,NAO,NA,NA,NA,NA,NA,NA,NA,NA,NA,NA,NA,NA,NA,NA,NA,NA,NA,NA,NA,
207,Leao,CD,1-Mar-20,106,21:43,10,N106,-3.86994,-32.43744,NA,NA,BRA 21616,BRA 21617,NA,NA,NA,NAO,NA,NA,NA,NA,NA,NA,NA,NA,NA,NA,NA,NA,NA,NA,NA,NA,NA,NA,NAO,GPS 10 - N106 - F10.
208,Leao,ML,1-Mar-20,NA,NA,NA,NA,NA,NA,NA,NA,NA,NA,NA,NA,NA,NA,NA,NA,NA,NA,NA,NA,NA,NA,NA,NA,NA,NA,NA,NA,NA,NA,NA,NA,NA,Ocorrência entre 20:40 e 21:40.
209,Leao,CD,1-Mar-20,107,02:07,10,N107,-3.86977,-32.43689,NA,NA,BRA 21647,BRA 21648,NA,NA,NA,NAO,NA,I,NA,NA,NA,NA,NA,NA,NA,NA,NA,NA,NA,NA,NA,NA,NA,NA,NAO,GPS 10 - N107 - F18.
210,Leao,ML,1-Mar-20,NA,NA,NA,NA,NA,NA,NA,NA,NA,NA,NA,NA,NA,NA,NA,NA,NA,NA,NA,NA,NA,NA,NA,NA,NA,NA,NA,NA,NA,NA,NA,NA,NA,Ocorrência entre 1:00 e 2:00.
211,Leao,CD,2-Mar-20,108,20:40,11,108,-3.87011,-32.4381,NA,NA,BRA 21625,BRA 21670,NA,NA,NA,SIM,#108- 02/03/20- BRA 21625/ BRA 21670,I,NA,NA,NA,NA,NA,NA,NA,NA,NA,NA,NA,NA,NA,NA,NA,NA,NAO,GPS 11 - N108 - F19.
212,Leao,ML,2-Mar-20,NA,NA,NA,NA,NA,NA,NA,NA,NA,NA,NA,NA,NA,NA,NA,NA,NA,NA,NA,NA,NA,NA,NA,NA,NA,NA,NA,NA,NA,NA,NA,NA,NA,Ocorrência entre 20:30 e 21:30.
213,Leao,ML,2-Mar-20,NA,22:00,10,ML F33,-3.87009,-32.439009,BRA 21667,BRA 21668,NA,NA,NA,NA,NA,NA,NA,NA,NA,NA,NA,NA,NA,NA,NA,NA,NA,NA,NA,NA,NA,NA,NA,NA,NA,GPS 10 - MLF33 - F33.
214,Leao,ML,2-Mar-20,NA,00:07,NA,NA,NA,NA,NA,NA,BRA 21663,BRA 21664,NA,NA,NA,NA,NA,NA,NA,NA,NA,NA,NA,NA,NA,NA,NA,NA,NA,NA,NA,NA,NA,NA,NA,
215,Leao,ML,2-Mar-20,NA,NA,NA,NA,NA,NA,NA,NA,NA,NA,NA,NA,NA,NA,NA,NA,NA,NA,NA,NA,NA,NA,NA,NA,NA,NA,NA,NA,NA,NA,NA,NA,NA,
216,Leao,ML,2-Mar-20,NA,NA,NA,NA,NA,NA,NA,NA,NA,NA,NA,NA,NA,NA,NA,NA,NA,NA,NA,NA,NA,NA,NA,NA,NA,NA,NA,NA,NA,NA,NA,NA,NA,Ocorrência entre 3:00 e 4:00.
217,Leao,ML,3-Mar-20,NA,20:25,NA,NA,NA,NA,NA,NA,BRA 21651,BRA 21652,NA,NA,NA,NA,NA,NA,NA,NA,NA,NA,NA,NA,NA,NA,NA,NA,NA,NA,NA,NA,NA,NA,NA,
218,Leao,ML,3-Mar-20,NA,20:55,NA,NA,NA,NA,BRA 21679,BRA 21680,NA,NA,NA,NA,NA,NA,NA,NA,NA,NA,NA,NA,NA,NA,NA,NA,NA,NA,NA,NA,NA,NA,NA,NA,NA,
219,Leao,CD,3-Mar-20,109,20:55,10,N109,-3.86978,-32.43687,NA,NA,BRA 21629,BRA 21645,NA,NA,NA,NAO,NA,I,NA,NA,NA,NA,NA,NA,NA,NA,NA,NA,NA,NA,NA,NA,NA,NA,NAO,"GPS 10 - N109 - F15. Cavou um ninho ja nascido, talvez o 13."
220,Leao,ML,3-Mar-20,NA,21:03,NA,NA,NA,NA,NA,NA,BRA 21665,BRA 21623,NA,NA,NA,NA,NA,NA,NA,NA,NA,NA,NA,NA,NA,NA,NA,NA,NA,NA,NA,NA,NA,NA,NA,
221,Leao,ML,3-Mar-20,NA,21:50,NA,NA,NA,NA,NA,NA,BRA 21667,BRA 21668,NA,NA,NA,NAO,NA,NA,NA,NA,NA,NA,NA,NA,NA,NA,NA,NA,NA,NA,NA,NA,NA,NA,NA,
222,Leao,SD,3-Mar-20,NA,21:43,11,SD03/03,-3.86993,-32.43762,NA,NA,BRA 21663,BRA 21664,NA,NA,NA,NAO,NA,I,NA,NA,NA,NA,NA,NA,NA,NA,NA,NA,NA,NA,NA,NA,NA,NA,NAO,GPS 11 -  SD 03/03.
223,Leao,ML,3-Mar-20,NA,23:14,NA,NA,NA,NA,NA,NA,BRA 21662,BRA 21676,NA,NA,NA,NAO,NA,NA,NA,NA,NA,NA,NA,NA,NA,NA,NA,NA,NA,NA,NA,NA,NA,NA,NA,
224,Leao,ML,3-Mar-20,NA,23:05,NA,NA,NA,NA,NA,NA,BRA 21651,BRA 21652,NA,NA,NA,NAO,NA,NA,NA,NA,NA,NA,NA,NA,NA,NA,NA,NA,NA,NA,NA,NA,NA,NA,NA,
225,Leao,CD,3-Mar-20,110,23:20,10,N110,-3.86963,-32.43658,NA,NA,BRA 21627,BR 83329,NA,NA,NA,NAO,NA,I,896729,3/4/2020 00:35,*,NA,NA,NA,NA,NA,NA,NA,NA,NA,NA,NA,NA,NA,NAO,GPS 10 - N110 - F9. *Tiny Tag perdido.
226,Leao,CD,3-Mar-20,111,23:20,10,N111,-3.86964,-32.43659,BRA 21681,BRA 21682,NA,NA,NA,106.5,98.1,SIM,#111- 03/03/20- BRA 21681/ BRA 21682,I,NA,NA,NA,NA,NA,NA,NA,NA,NA,NA,NA,NA,NA,NA,NA,NA,NAO,GPS 10 - N111 - F35.
227,Leao,SD,3-Mar-20,NA,23:30,11,SD03/03,-3.86985,-32.4372,NA,NA,BRA 21623,BRA 21665,NA,NA,NA,NAO,NA,NA,NA,NA,NA,NA,NA,NA,NA,NA,NA,NA,NA,NA,NA,NA,NA,NA,NA,GPS 11- SD3/03
228,Leao,CD,3-Mar-20,112,00:04,11,N112,-3.87006,-32.43817,NA,NA,BRA 21662,BRA 21676,NA,107,104.1,SIM,#112-03/03/20- BRA 21676/ BRA 21662,I,NA,NA,NA,NA,NA,NA,NA,NA,NA,NA,NA,NA,NA,NA,NA,NA,NAO,GPS 11 - N112.
229,Leao,CD,3-Mar-20,113,02:00,10,N113,-3.86976,-32.43695,NA,NA,BRA 21623,BRA 21665,NA,NA,NA,NAO,NA,I,NA,NA,NA,NA,NA,NA,NA,NA,NA,NA,NA,NA,NA,NA,NA,NA,NAO,GPS 10 - N113 - F26.
230,Leao,ML,3-Mar-20,NA,NA,NA,NA,NA,NA,NA,NA,NA,NA,NA,NA,NA,NA,NA,NA,NA,NA,NA,NA,NA,NA,NA,NA,NA,NA,NA,NA,NA,NA,NA,NA,NA,Ocorrência entre 23:00 e 00:00.
231,Leao,ML,4-Mar-20,NA,NA,NA,NA,NA,NA,NA,NA,NA,NA,NA,NA,NA,NA,NA,NA,NA,NA,NA,NA,NA,NA,NA,NA,NA,NA,NA,NA,NA,NA,NA,NA,NA,Entre 22:00 e 23:00
232,Leao,ML,4-Mar-20,NA,23:17,NA,NA,NA,NA,NA,NA,BRA 21613,BRA 21626,NA,NA,NA,NA,NA,NA,NA,NA,NA,NA,NA,NA,NA,NA,NA,NA,NA,NA,NA,NA,NA,NA,NA,
233,Leao,ML,4-Mar-20,NA,NA,NA,NA,NA,NA,NA,NA,NA,NA,NA,NA,NA,NA,NA,NA,NA,NA,NA,NA,NA,NA,NA,NA,NA,NA,NA,NA,NA,NA,NA,NA,NA,Ocorrência entre 22:00 e 23:00.
234,Leao,CD,4-Mar-20,114,00:02,11,N114,-3.86998,-32.4379,NA,NA,BRA 21679,BRA 21680,NA,106.6,101,SIM,#114- 04/03/20- BRA 21679/ BRA 21680,I,NA,NA,NA,NA,NA,NA,NA,NA,NA,NA,NA,NA,NA,NA,NA,NA,NAO,GPS 11 - N114 - F34. Fotos ok.
235,Leao,CD,4-Mar-20,115,01:00,11,N115,-3.87005,-32.43784,NA,NA,BRA 21649,BRA 21650,NA,NA,NA,NAO,NA,I,NA,NA,NA,NA,NA,NA,NA,NA,NA,NA,NA,NA,NA,NA,NA,NA,NAO,GPS 11 - N115 - F16.
236,Leao,ML,4-Mar-20,NA,NA,NA,NA,NA,NA,NA,NA,NA,NA,NA,NA,NA,NA,NA,NA,NA,NA,NA,NA,NA,NA,NA,NA,NA,NA,NA,NA,NA,NA,NA,NA,NA,Ocorrência entre 1:00 e 2:00.
237,Leao,ML,5-Mar-20,NA,20:35,NA,NA,NA,NA,NA,NA,BRA 21663,BRA 21664,NA,NA,NA,NA,NA,NA,NA,NA,NA,NA,NA,NA,NA,NA,NA,NA,NA,NA,NA,NA,NA,NA,NA,
238,Leao,SD,5-Mar-20,NA,NA,NA,NA,NA,NA,NA,NA,NA,NA,NA,NA,NA,NA,NA,NA,NA,NA,NA,NA,NA,NA,NA,NA,NA,NA,NA,NA,NA,NA,NA,NA,NA,Ocorrência entre 00:20 e 01:20.
239,Leao,CD,6-Mar-20,117,20:33,11,N117,-3.87005,-32.43789,NA,NA,BRA 21651,BRA 21652,NA,NA,NA,SIM,#117-06/03/20- BRA 21651/ BRA 21652,I,NA,NA,NA,NA,NA,NA,NA,NA,NA,NA,NA,NA,NA,NA,NA,NA,NA,GPS 11 - N117 - F29.
240,Leao,CD,6-Mar-20,116,20:33,10,N116,-3.87008,-32.43794,NA,NA,BRA 21607,BRA 21608,NA,NA,NA,NAO,NA,I,NA,NA,NA,NA,NA,NA,NA,NA,NA,NA,NA,NA,NA,NA,NA,NA,NAO,GPS 10 - N116 - F2.
241,Leao,CD,6-Mar-20,118,20:33,10,N118,-3.87011,-32.43819,NA,NA,BRA 21663,BRA 21664,NA,NA,NA,NAO,NA,I,NA,NA,NA,NA,NA,NA,NA,NA,NA,NA,NA,NA,NA,NA,NA,NA,NA,GPS 10 - N118 - F27.
242,Leao,CD,6-Mar-20,119,20:33,11,N119I e N119P ,-3.87,-32.4387,NA,NA,BRA 21613,BRA 21626,NA,118.6,114.3,SIM,#119- 06/03/20- BRA 21613 / BRA 21626,P,NA,NA,NA,A,93,0,-3.87008,-32.438,NA,NA,NA,NA,NA,NA,NA,NA,NA,GPS 11 - N 119 I e N 119P - F28. Fotos ok.
243,Leao,ML,6-Mar-20,NA,NA,NA,NA,NA,NA,NA,NA,NA,NA,NA,NA,NA,NA,NA,NA,NA,NA,NA,NA,NA,NA,NA,NA,NA,NA,NA,NA,NA,NA,NA,NA,NA,Ocorrência entre 22:30 e 23:30.
244,Leao,ML,6-Mar-20,NA,23:50,NA,NA,NA,NA,NA,NA,BRA 21667,BRA 21668,NA,NA,NA,NAO,NA,NA,NA,NA,NA,NA,NA,NA,NA,NA,NA,NA,NA,NA,NA,NA,NA,NA,NA,F33.
245,Leao,ML,6-Mar-20,NA,NA,NA,NA,NA,NA,NA,NA,NA,NA,NA,NA,NA,NA,NA,NA,NA,NA,NN,NA,NA,NA,NA,NA,NA,NA,NA,NA,NA,NA,NA,NA,NA,
246,Leao,SD,7-Mar-20,NA,20:20,NA,NA,NA,NA,BRA 21687,BRA 21688,NA,NA,NA,NA,NA,NAO,NA,NA,NA,NA,NA,NA,NA,NA,NA,NA,NA,NA,NA,NA,NA,NA,NA,NA,NA,F36.
247,Leao,ML,7-Mar-20,NA,NA,NA,NA,NA,NA,NA,NA,NA,NA,NA,NA,NA,NA,NA,NA,NA,NA,NA,NA,NA,NA,NA,NA,NA,NA,NA,NA,NA,NA,NA,NA,NA,Ocorrência entre 2:00 e 3:00.
248,Leao,ML,8-Mar-20,NA,NA,NA,NA,NA,NA,NA,NA,NA,NA,NA,NA,NA,NA,NA,NA,NA,NA,NA,NA,NA,NA,NA,NA,NA,NA,NA,NA,NA,NA,NA,NA,NA,Ocorrência antes das 20:20.
249,Leao,CD,8-Mar-20,125,20:20,11,N125,-3.86956,-32.43612,NA,NA,BRA 21602,BR 26380,NA,NA,NA,NAO,NA,I,NA,NA,NA,NA,NA,NA,NA,NA,NA,NA,NA,NA,NA,NA,NA,NA,NAO,GPS 11 - N125 - F1.
250,Leao,CD,8-Mar-20,122,20:20,11,N122,-3.86953,-32.43639,NA,NA,BR 20516,BR 20517,NA,124.5,109,NAO,NA,I,896701,3/8/2020 21:35,5/28/2020 09:35,NA,NA,NA,NA,NA,NA,28-May-20,SU,83,13,42,138,NA,SIM - 1 natimorto,GPS 11 - N122 - F7. Tiny Tag removed by TAMAR.
251,Leao,CD,8-Mar-20,120,20:33,10,N120,-3.86975,-32.4369,NA,NA,BRA 21632,BRA 21641,NA,NA,NA,NAO,NA,I,NA,NA,NA,NA,NA,NA,NA,NA,NA,NA,NA,NA,NA,NA,NA,NA,NA,GPS10 - N120.
252,Leao,CD,8-Mar-20,121,20:33,10,N121,-3.86995,-32.43747,NA,NA,BRA 21667,BRA 21668,NA,111,95,SIM,#121-08/03/20-BRA21667/ BRA21668,I,NA,NA,NA,NA,NA,NA,NA,NA,NA,NA,NA,NA,NA,NA,NA,NA,NAO,GPS 10 - N121.
253,Leao,CD,8-Mar-20,124,20:48,10,N124,-3.86992,-32.43751,NA,NA,BRA 21687,BRA 21688,NA,106.3,101,SIM,#124-08/03/20- BRA21687/ BRA21688,I,896702,3/8/2020 21:40,5/28/2020 08:25,NA,NA,NA,NA,NA,NA,28-May-20,SU,59,0,24,83,NA,NAO,GPS 10 - N124 - F36 - 3 ovos anômalos. Tiny Tag removed by Tamar.
254,Leao,SD,9-Mar-20,NA,NA,NA,NA,NA,NA,NA,NA,NA,NA,NA,NA,NA,NA,NA,NA,NA,NA,NA,NA,NA,NA,NA,NA,NA,NA,NA,NA,NA,NA,NA,NA,NA,
255,Leao,ML,9-Mar-20,NA,20:20,NA,NA,NA,NA,NA,NA,BRA 21633,BRA 21634,NA,NA,NA,NA,NA,NA,NA,NA,NA,NA,NA,NA,NA,NA,NA,NA,NA,NA,NA,NA,NA,NA,NA,
256,Leao,CD,9-Mar-20,123,20:30,11,N123,-3.86969,-32.43674,NA,NA,BRA 21646,BRA 21659,NA,NA,NA,SIM,#9/3/20 BRA 21659/ BRA 21646,I,881575,3/9/2020 20:42,5/27/2020 09:10,NA,NA,NA,NA,NA,NA,NA,NM,NA,NA,NA,NA,NA,NA,GPS 11 - N123. Tiny Tag removed by TAMAR.
257,Leao,ML,9-Mar-20,NA,NA,NA,NA,NA,NA,NA,NA,NA,NA,NA,NA,NA,NA,NA,NA,NA,NA,NA,NA,NA,NA,NA,NA,NA,NA,NA,NA,NA,NA,NA,NA,NA,Ocorrência entre 00:20 e 01:20.
258,Leao,SD,10-Mar-20,NA,20:14,NA,NA,NA,NA,NA,NA,BR 67308,BR 38658,NA,NA,NA,NAO,NA,NA,NA,NA,NA,NA,NA,NA,NA,NA,NA,NA,NA,NA,NA,NA,NA,NA,NA,
259,Leao,SD,10-Mar-20,NA,20:14,NA,NA,NA,NA,NA,NA,BR 83271,BR 83272,NA,NA,NA,NAO,NA,NA,NA,NA,NA,NA,NA,NA,NA,NA,NA,NA,NA,NA,NA,NA,NA,NA,NA,
260,Leao,CD,10-Mar-20,126,20:14,11,N126,-3.86996,-32.43774,NA,NA,BRA 21657,BRA 21658,NA,NA,NA,NAO,NA,I,NA,NA,NA,NA,NA,NA,NA,NA,NA,NA,NA,NA,NA,NA,NA,NA,NA,GPS 11 - N126.
261,Leao,ML,10-Mar-20,NA,20:40,NA,NA,NA,NA,NA,NA,BRA 21660,BRA 21673,NA,NA,NA,NAO,NA,NA,NA,NA,NA,NA,NA,NA,NA,NA,NA,NA,NA,NA,NA,NA,NA,NA,NA,
262,Leao,ML,10-Mar-20,NA,NA,NA,NA,NA,NA,NA,NA,NA,NA,NA,NA,NA,NA,NA,NA,NA,NA,NA,NA,NA,NA,NA,NA,NA,NA,NA,NA,NA,NA,NA,NA,NA,Ocorrência antes de 20:15.
263,Leao,CD,10-Mar-20,127,20:10,10,N127,-3.86972,-32.43679,NA,NA,BRA 21633,BRA 21634,NA,NA,NA,NAO,NA,I,896722,3/10/2020 20:55,5/28/2020 09:16,NA,NA,NA,NA,NA,NA,28-May-20,SU,90,1,3,94,NA,NAO,GPS 10 - N127. Tiny Tag romoved by TAMAR.
264,Leao,CD,10-Mar-20,128,20:14,11,N128,-3.86987,-32.43725,NA,NA,BRA 21643,BR 77078,NA,NA,NA,NAO,NA,I,881571,3/10/2020 20:50,5/28/2020 08:35,NA,NA,NA,NA,NA,NA,28-May-20,SU,96,10,21,127,NA,NAO,GPS 11 - N128. Tiny Tag removed by TAMAR.
265,Leao,CD,10-Mar-20,129,20:14,11,N129,-3.87006,-32.43785,BRA 21689,BRA 21690,NA,NA,NA,115.1,103,SIM,#129-10/03/20-BRA21689/ BRA21690,I,NA,NA,NA,NA,NA,NA,NA,NA,NA,NA,NA,NA,NA,NA,NA,NA,NA,GPS 11 - N129 - F37. Fotos ok.
266,Leao,CD,10-Mar-20,130,22:00,11,N130,-3.86983,-32.43719,NA,NA,BR 38658,BR 67308,NA,121,107,SIM,#130-10/03/20-BR38658/ BR67308,I,896717,3/10/2020 23:43,3/28/2020 08:48,NA,NA,NA,NA,NA,NA,28-May-20,SU,81,1,8,90,NA,NAO,"GPS 11 - N130 - F24. Cicatriz de copula, queloide nadadeira anterior esquerda. Tiny Tag removed by TAMAR."
267,Leao,CD,10-Mar-20,131,01:32,11,N131,-3.86962,-32.43689,NA,NA,BR 53308,BRA 21603,NA,NA,NA,NAO,NA,I,NA,NA,NA,NA,NA,NA,NA,NA,NA,NA,NA,NA,NA,NA,NA,NA,NAO,GPS 11 - N131.
268,Leao,CD,11-Mar-20,132,20:30,11,N132 e N132P ,-3.86451,-32.43596,NA,NA,BR 38691,BR 20597,NA,NA,NA,NAO,NA,P,NA,NA,NA,A,105,0,-3.86952,-32.43609,NA,NA,NA,NA,NA,NA,NA,NA,NAO,GPS 11 - N132 e N132P.
269,Leao,CD,11-Mar-20,133,20:33,11,N133,-3.86963,-32.43627,NA,NA,BRA 21660,BRA 21673,NA,NA,NA,NAO,NA,I,NA,NA,NA,NA,NA,NA,NA,NA,NA,NA,NA,NA,NA,NA,NA,NA,NAO,GPS 11 - N133.
270,Leao,CD,11-Mar-20,134,20:34,11,N134,-3.869596,-32.43632,NA,NA,BRA 21616,BRA 21617,NA,NA,NA,NAO,NA,I,880878,3/11/2020 21:05,5/28/2020 09:26,NA,NA,NA,NA,NA,NA,28-May-20,SU,96,1,3,100,NA,NAO,GPS 11 - N134. Tiny Tag removed by TAMAR.
271,Leao,CD,11-Mar-20,135,20:35,11,N135,-3.89674,-32.43716,NA,NA,BRA 21618,BR 98337,NA,NA,NA,NAO,NA,I,896721,3/11/2020 21:11,5/28/2020 08:49,NA,NA,NA,NA,NA,NA,28-May-20,SU,86,4,11,101,NA,NAO,GPS 11 - N135 - F12. Fotos ok. Tiny Tag removed by TAMAR.
272,Leao,CD,11-Mar-20,136,20:35,11,N136,-3.86987,-32.43727,NA,NA,BRA 21647,BRA 21648,NA,NA,NA,SIM,#136-11/03/20-BRA21647/ BRA21648,I,896694,3/11/2020 21:27,5/28/2020 08:40,NA,NA,NA,NA,NA,NA,28-May-20,SU,60,1,0,61,NA,SIM - 1 natimorto,GPS 11 - N136 . Tiny Tag removed by TAMAR.
273,Leao,ML,11-Mar-20,NA,NA,NA,NA,NA,NA,NA,NA,NA,NA,NA,NA,NA,NA,NA,NA,NA,NA,NA,NA,NA,NA,NA,NA,NA,NA,NA,NA,NA,NA,NA,NA,NA,Ocorrência antes de 20:30.
274,Leao,ML,11-Mar-20,NA,NA,NA,NA,NA,NA,NA,NA,NA,NA,NA,NA,NA,NA,NA,NA,NA,NA,NA,NA,NA,NA,NA,NA,NA,NA,NA,NA,NA,NA,NA,NA,NA,Ocorrência entre 20:30 e 21:30.
275,Leao,SD,12-Mar-20,NA,20:30,NA,NA,NA,NA,NA,BR 83271,BR 83272,NA,NA,110.1,106.5,SIM,#SD-12/03/20-BR83271/ BR83272,NA,NA,NA,NA,NA,NA,NA,NA,NA,NA,NA,NA,NA,NA,NA,NA,NA,NA,Coleta e biometria com a tartaruga voltando para o mar.
276,Leao,CD,12-Mar-20,137,20:40,10,N137,-3.86947,-32.43597,NA,NA,BRA 21614,BRA 21615,NA,NA,NA,NAO,NA,I,NA,NA,NA,NA,NA,NA,NA,NA,NA,NA,NA,NA,NA,NA,NA,NA,NAO,GPS 10 - N137.
277,Leao,CD,12-Mar-20,138,20:50,10,N138,-3.86376,-32.437,BRA 21666,BRA 21669,NA,NA,NA,111.1,105.5,SIM,#138-12/03/20-BRA21666/ BRA21669,I,NA,NA,NA,NA,NA,NA,NA,NA,NA,NA,NA,NA,NA,NA,NA,NA,NAO,GPS 10 - N138. Marcada descendo.
278,Leao,CD,12-Mar-20,139,20:55,10,N139,-3.87008,-32.4381,NA,NA,BRA 21670,BRA 21625,NA,NA,NA,SIM,#139-12/03/10-BRA21625/ BRA21670,I,NA,NA,NA,NA,NA,NA,NA,NA,NA,NA,NA,NA,NA,NA,NA,NA,NAO,GPS 10 -N139 - F19.
279,Leao,CD,12-Mar-20,140,21:30,10,N140,-3.87001,-32.43788,BRA 21685,BRA 21686,NA,NA,BRA 21677,NA,NA,SIM,#140-12/03/10-BRA21685/ BRA21686,I,NA,NA,NA,NA,NA,NA,NA,NA,NA,NA,NA,NA,NA,NA,NA,NA,NAO,GPS 10 - N140. Marca BRA21677 aberta.
280,Leao,CD,13-Mar-20,141,20:35,10,N141,-3.86978,-32.43675,NA,NA,BRA 21681,BRA 21682,NA,NA,NA,SIM,#141- 13/03/20- BRA 21681/ BRA 21682,I,NA,NA,NA,NA,NA,NA,NA,NA,NA,NA,NA,NA,NA,NA,NA,NA,NAO,GPS 10 - N141.
281,Leao,SD,13-Mar-20,NA,NA,NA,NA,NA,NA,NA,NA,NA,NA,NA,NA,NA,NA,NA,NA,NA,NA,NA,NA,NA,NA,NA,NA,NA,NA,NA,NA,NA,NA,NA,NA,NA,
282,Leao,ML,13-Mar-20,NA,20:50,NA,NA,NA,NA,NA,NA,BR 83271,BR 83272,NA,NA,NA,NA,NA,NA,NA,NA,NA,NA,NA,NA,NA,NA,NA,NA,NA,NA,NA,NA,NA,NA,NA,
283,Leao,ML,13-Mar-20,NA,20:50,NA,NA,NA,NA,NA,NA,NA,NA,NA,NA,NA,NA,NA,NA,NA,NA,NA,NA,NA,NA,NA,NA,NA,NA,NA,NA,NA,NA,NA,NA,NA,
284,Leao,CD,13-Mar-20,142,23:07,10,N142,-3.86992,-32.43754,NA,NA,BR 83271,BR 83272,NA,111.2,106.3,SIM,#142- 13/3/20- BR 83271/ BR 83272,I,NA,NA,NA,NA,NA,NA,NA,NA,NA,NA,NA,NA,NA,NA,NA,NA,NA,GPS 10 - N142
285,Leao,CD,13-Mar-20,143,02:00,11,N143,-3.86986,-32.43723,BRA 21684,NA,BRA 21645,NA,NA,NA,NA,NAO,NA,I,NA,NA,NA,NA,NA,NA,NA,NA,NA,NA,NA,NA,NA,NA,NA,NA,NAO,GPS 11 - N143.
286,Leao,ML,14-Mar-20,NA,NA,NA,NA,NA,NA,NA,NA,NA,NA,NA,NA,NA,NA,NA,NA,NA,NA,NA,NA,NA,NA,NA,NA,NA,NA,NA,NA,NA,NA,NA,NA,NA,Ocorrência entre 00:20 e 01:20.
287,Leao,ML,14-Mar-20,NA,NA,NA,NA,NA,NA,NA,NA,NA,NA,NA,NA,NA,NA,NA,NA,NA,NA,NA,NA,NA,NA,NA,NA,NA,NA,NA,NA,NA,NA,NA,NA,NA,Ocorrência antes de 20:20.
288,Leao,ML,14-Mar-20,NA,NA,NA,NA,NA,NA,NA,NA,NA,NA,NA,NA,NA,NA,NA,NA,NA,NA,NA,NA,NA,NA,NA,NA,NA,NA,NA,NA,NA,NA,NA,NA,NA,Ocorrência antes de 20:20.
289,Leao,ML,14-Mar-20,NA,NA,NA,NA,NA,NA,NA,NA,NA,NA,NA,NA,NA,NA,NA,NA,NA,NA,NA,NA,NA,NA,NA,NA,NA,NA,NA,NA,NA,NA,NA,NA,NA,Ocorrência antes de 20:20.
290,Leao,CD,14-Mar-20,144,20:35,11,N144,-3.8699,-32.43744,BRA 21695,BRA 21696,NA,NA,NA,106.8,101,SIM,#144-14/03/20-BRA21695/ BRA21696,I,NA,NA,NA,NA,NA,NA,NA,NA,NA,NA,NA,NA,NA,NA,NA,NA,NAO,GPS 11 - N144 - F41.
291,Leao,CD,14-Mar-20,145,21:00,11,N145,-3.86994,-32.43744,NA,NA,BR 83329,BRA 21627,NA,NA,NA,NAO,NA,I,NA,NA,NA,NA,NA,NA,NA,NA,NA,NA,NA,NA,NA,NA,NA,NA,NAO,GPS 11 - N145 - F9. Cavou proximo a um ninho antigo.
292,Leao,ML,14-Mar-20,NA,NA,NA,NA,NA,NA,NA,NA,NA,NA,NA,NA,NA,NA,NA,NA,NA,NA,NA,NA,NA,NA,NA,NA,NA,NA,NA,NA,NA,NA,NA,NA,NA,Ocorrência entre 23:00 e 00:00.
293,Leao,CD,14-Mar-20,146,02:06,11,N146,-3.86993,-32.43765,NA,NA,BRA 21649,BRA 21650,NA,NA,NA,NAO,NA,I,NA,NA,NA,NA,NA,NA,NA,NA,NA,NA,NA,NA,NA,NA,NA,NA,NAO,GPS 11 - N146 - F16.
294,Leao,ML,15-Mar-20,NA,20:35,NA,NA,NA,NA,NA,NA,BRA 21665,BRA 21623,NA,NA,NA,NAO,NA,NA,NA,NA,NA,NA,NA,NA,NA,NA,NA,NA,NA,NA,NA,NA,NA,NA,NA,
295,Leao,CD,15-Mar-20,147,20:40,10,N147,-3.86953,-32.43691,NA,NA,BRA 21662,BRA 21676,NA,NA,NA,SIM,#147-15/03/20-BRA21662/ BRA21676,I,NA,NA,NA,NA,NA,NA,NA,NA,NA,NA,NA,NA,NA,NA,NA,NA,NAO,GPS 10 - N147 - F30.
296,Leao,CD,15-Mar-20,148,21:43,11,N148,-3.87003,-32.43782,NA,NA,BRA 21665,BRA 21623,NA,NA,NA,SIM,#148-15/03/20-BRA21665/ BRA21623,I,NA,NA,NA,NA,NA,NA,NA,NA,NA,NA,NA,NA,NA,NA,NA,NA,NAO,GPS 11 - N148.
297,Leao,ML,15-Mar-20,NA,01:53,NA,NA,NA,NA,NA,NA,BRA 21679,BRA 21680,NA,NA,NA,NAO,NA,NA,NA,NA,NA,NA,NA,NA,NA,NA,NA,NA,NA,NA,NA,NA,NA,NA,NA,
298,Leao,CD,16-Mar-20,149,20:32,11,N149,-3.87009,-32.43805,NA,NA,BRA 21679,BRA 21680,NA,NA,NA,SIM,#149-16/03/20-BRA 21679/ BRA21680,I,NA,NA,NA,NA,NA,NA,NA,NA,NA,NA,NA,NA,NA,NA,NA,NA,NA,GPS 11 - N149.
299,Leao,ML,16-Mar-20,NA,22:45,NA,NA,NA,NA,NA,NA,BRA 21653,BRA 21654,NA,NA,NA,NAO,NA,NA,NA,NA,NA,NA,NA,NA,NA,NA,NA,NA,NA,NA,NA,NA,NA,NA,NA,
300,Leao,CD,17-Mar-20,150,21:16,11,N150,-3.87011,-32.43808,NA,NA,BRA 21663,BRA 21664,NA,NA,NA,SIM,#150-17/3/20-BRA 21663/ BRA 21664,I,896720,3/17/2020 22:50,5/28/2020 07:38,NA,NA,NA,NA,NA,NA,28-May-20,PA,20,2,6,28,NA,NAO,GPS 11 - N150. Tiny Tag removed by TAMAR. Predated by Teju.
301,Leao,CD,17-Mar-20,151,20:35,10,N151,-3.86987,-32.43732,NA,NA,BRA 21613,BRA 21626,NA,118.4,NA,SIM,#151-17/03/20- BRA 21613/ BRA 21626,I,NA,NA,NA,NA,NA,NA,NA,NA,NA,NA,NA,NA,NA,NA,NA,NA,NAO,GPS 10 - N151. Desenterou um ovo de outro ninho (61 ou 83).
302,Leao,ML,17-Mar-20,NA,20:41,NA,NA,NA,NA,NA,NA,NA,NA,NA,NA,NA,NA,NA,NA,NA,NA,NA,NA,NA,NA,NA,NA,NA,NA,NA,NA,NA,NA,NA,NA,NA,
303,Leao,ML,17-Mar-20,NA,NA,NA,NA,NA,NA,NA,NA,NA,NA,NA,NA,NA,NA,NA,NA,NA,NA,NA,NA,NA,NA,NA,NA,NA,NA,NA,NA,NA,NA,NA,NA,NA,Ocorrência entre 23:15 e 00:15.
304,Leao,SD,17-Mar-20,NA,01:50,NA,NA,NA,NA,NA,NA,BRA 21651,BRA 21652,NA,NA,NA,NAO,NA,NA,NA,NA,NA,NA,NA,NA,NA,NA,NA,NA,NA,NA,NA,NA,NA,NA,NA,
305,Leao,ML,18-Mar-20,NA,NA,NA,NA,NA,NA,NA,NA,NA,NA,NA,NA,NA,NA,NA,NA,NA,NA,NA,NA,NA,NA,NA,NA,NA,NA,NA,NA,NA,NA,NA,NA,NA,Ocorrência antes de 20:30.
306,Leao,ML,18-Mar-20,NA,21:00,NA,NA,NA,NA,NA,NA,NA,NA,NA,NA,NA,NA,NA,NA,NA,NA,NA,NA,NA,NA,NA,NA,NA,NA,NA,NA,NA,NA,NA,NA,NA,
307,Leao,ML,18-Mar-20,NA,21:00,NA,NA,NA,NA,NA,NA,BRA 21653,BRA 21654,NA,NA,NA,NAO,NA,NA,NA,NA,NA,NA,NA,NA,NA,NA,NA,NA,NA,NA,NA,NA,NA,NA,NA,
308,Leao,SD,18-Mar-20,NA,20:40,NA,NA,NA,NA,NA,NA,BRA 21632,BRA 21641,NA,NA,NA,NAO,NA,NA,NA,NA,NA,NA,NA,NA,NA,NA,NA,NA,NA,NA,NA,NA,NA,NA,NA,
309,Leao,CD,18-Mar-20,152,00:07,11,N152,-3.86986,-32.43729,NA,NA,BRA 21653,BRA 21654,NA,NA,NA,SIM,#152-18/03/20-BRA 21653/ BRA 21654,I,NA,NA,NA,NA,NA,NA,NA,NA,NA,NA,NA,NA,NA,NA,NA,NA,NAO,GPS 11 - N152. 
310,Leao,ML,18-Mar-20,NA,NA,NA,NA,NA,NA,NA,NA,NA,NA,NA,NA,NA,NA,NA,NA,NA,NA,NA,NA,NA,NA,NA,NA,NA,NA,NA,NA,NA,NA,NA,NA,NA,Ocorrência ente 21:20 e 22:30.
311,Leao,CD,18-Mar-20,153,03:40,11,N153,-3.86943,-32.4356,NA,NA,BRA 21602,BR 26380,NA,NA,NA,NAO,NA,I,NA,NA,NA,NA,NA,NA,NA,NA,NA,NA,NA,NA,NA,NA,NA,NA,NA,GPS 11- N 153
312,Leao,ML,19-Mar-20,NA,20:24,NA,NA,NA,NA,NA,NA,BRA 21667,BRA 21668,NA,NA,NA,NAO,NA,NA,NA,NA,NA,NA,NA,NA,NA,NA,NA,NA,NA,NA,NA,NA,NA,NA,NA,
313,Leao,ML,19-Mar-20,NA,NA,NA,NA,NA,NA,NA,NA,NA,NA,NA,NA,NA,NA,NA,NA,NA,NA,NA,NA,NA,NA,NA,NA,NA,NA,NA,NA,NA,NA,NA,NA,NA,Ocorrência antes de 20:20.
314,Leao,ML,19-Mar-20,NA,NA,NA,NA,NA,NA,NA,NA,NA,NA,NA,NA,NA,NA,NA,NA,NA,NA,NA,NA,NA,NA,NA,NA,NA,NA,NA,NA,NA,NA,NA,NA,NA,Ocorrência antes de 20:20.
315,Leao,ML,19-Mar-20,NA,00:23,NA,NA,NA,NA,NA,NA,BRA 21687,BRA 21688,NA,NA,NA,NAO,NA,NA,NA,NA,NA,NA,NA,NA,NA,NA,NA,NA,NA,NA,NA,NA,NA,NA,NA,
316,Leao,CD,19-Mar-20,154,00:30,11,N154,-3.86952,-32.4364,NA,NA,BRA 21651,BRA 21652,NA,NA,NA,NAO,NA,I,NA,NA,NA,NA,NA,NA,NA,NA,NA,NA,NA,NA,NA,NA,NA,NA,NAO,GPS 11-N 154
317,Leao,ML,19-Mar-20,NA,NA,NA,NA,NA,NA,NA,NA,NA,NA,NA,NA,NA,NA,NA,NA,NA,NA,NA,NA,NA,NA,NA,NA,NA,NA,NA,NA,NA,NA,NA,NA,NA,Ocorrência entre 1:55 e 2:20.
318,Leao,ML,20-Mar-20,NA,NA,NA,NA,NA,NA,NA,NA,NA,NA,NA,NA,NA,NA,NA,NA,NA,NA,NA,NA,NA,NA,NA,NA,NA,NA,NA,NA,NA,NA,NA,NA,NA,Ocorrência antes de 20:15.
319,Leao,ML,20-Mar-20,NA,21:17,NA,NA,NA,NA,NA,NA,BRA 21657,BRA 21658,NA,NA,NA,NAO,NA,NA,NA,NA,NA,NA,NA,NA,NA,NA,NA,NA,NA,NA,NA,NA,NA,NA,NA,
320,Leao,SD,20-Mar-20,NA,NA,NA,NA,NA,NA,NA,NA,NA,NA,NA,NA,NA,NA,NA,NA,NA,NA,NA,NA,NA,NA,NA,NA,NA,NA,NA,NA,NA,NA,NA,NA,NA,Ocorrência entre 21:20 e 22:20.
321,Leao,ML,20-Mar-20,NA,NA,NA,NA,NA,NA,NA,NA,NA,NA,NA,NA,NA,NA,NA,NA,NA,NA,NA,NA,NA,NA,NA,NA,NA,NA,NA,NA,NA,NA,NA,NA,NA,Ocorrência entre 21:20 e 22:20.
322,Leao,CD,20-Mar-20,155,22:40,11,N155,-3.86984,-32.43726,NA,NA,BRA 21667,BRA 21668,NA,NA,NA,SIM,#20/3/20-BRA 21668/ BRA 21667- N155,I,896718,3/20/2020 23:17,5/28/2020 08:42,NA,NA,NA,NA,NA,NA,28-May-20,SU,86,3,11,100,NA,SIM - 1 natimorto,GPS 11 - N155. Ninho com muita raiz. Tiny Tag removed by TAMAR.
323,Leao,CD,20-Mar-20,156,20:21,11,N156,-3.87009,-32.43809,NA,NA,BRA 21687,BRA 21688,NA,NA,NA,NAO,NA,I,896712,3/20/2020 21:09,5/28/2020 07:40,NA,NA,NA,NA,NA,NA,28-May-20,SU,90,0,6,96,NA,NAO,GPS 11 - N156. Tiny Tag removed by TAMAR.
324,Leao,CD,20-Mar-20,157,20:15,11,N157,-3.86992,-32.43747,NA,NA,BRA 21646,BRA 21659,NA,NA,NA,SIM,#20/3/20- BRA 21659/ BRA 21646 - N157,I,NA,NA,NA,NA,NA,NA,NA,NA,NA,NA,NA,NA,NA,NA,NA,NA,NAO,GPS 11 - N157.
325,Leao,CD,20-Mar-20,158,22:40,11,N158,-3.87004,-32.438,NA,NA,BRA 21689,BRA 21690,NA,NA,NA,SIM,#158- 20/03/20- BRA 21689/ BRA 21690,I,NA,NA,NA,NA,NA,NA,NA,NA,NA,NA,NA,NA,NA,NA,NA,NA,NAO,GPS 11 - N158.
326,Leao,CD,20-Mar-20,159,23:40,11,N159,-3.86968,-32.43663,NA,NA,BR 20597,BR 38691,NA,NA,NA,NAO,NA,I,NA,NA,NA,NA,NA,NA,NA,NA,NA,NA,NA,NA,NA,NA,NA,NA,NAO,GPS 11 - N159.
327,Leao,CD,20-Mar-20,160,01:00,10,N160,-3.87003,-32.4378,NA,NA,BR 67308,BR 38658,NA,NA,NA,NAO,NA,I,NA,NA,NA,NA,NA,NA,NA,NA,NA,NA,NA,NA,NA,NA,NA,NA,NAO,GPS 10 - N160.
328,Leao,SD,20-Mar-20,NA,01:03,NA,NA,NA,NA,NA,NA,BRA 21633,BRA 21634,NA,NA,NA,NAO,NA,NA,NA,NA,NA,NA,NA,NA,NA,NA,NA,NA,NA,NA,NA,NA,NA,NA,NA,
329,Leao,ML,20-Mar-20,NA,NA,NA,NA,NA,NA,NA,NA,NA,NA,NA,NA,NA,NA,NA,NA,NA,NA,NA,NA,NA,NA,NA,NA,NA,NA,NA,NA,NA,NA,NA,NA,NA,Ocorrência entre 2:00 e 3:00.
330,Leao,ML,20-Mar-20,NA,NA,NA,NA,NA,NA,NA,NA,NA,NA,NA,NA,NA,NA,NA,NA,NA,NA,NA,NA,NA,NA,NA,NA,NA,NA,NA,NA,NA,NA,NA,NA,NA,Ocorrência entre 2:00 e 3:00.
331,Leao,ML,20-Mar-20,NA,02:09,NA,NA,NA,NA,NA,NA,BRA 21647,BRA 21648,NA,NA,NA,NA,NA,NA,NA,NA,NA,NA,NA,NA,NA,NA,NA,NA,NA,NA,NA,NA,NA,NA,NA,
332,Leao,ML,20-Mar-20,NA,03:11,NA,NA,NA,NA,NA,NA,BRA 21603,BR 53308,NA,NA,NA,NA,NA,NA,NA,NA,NA,NA,NA,NA,NA,NA,NA,NA,NA,NA,NA,NA,NA,NA,NA,
333,Leao,ML,21-Mar-20,NA,NA,NA,NA,NA,NA,NA,NA,NA,NA,NA,NA,NA,NA,NA,NA,NA,NA,NA,NA,NA,NA,NA,NA,NA,NA,NA,NA,NA,NA,NA,NA,NA,Ocorrência antes de 20:15.
334,Leao,ML,21-Mar-20,NA,NA,NA,NA,NA,NA,NA,NA,NA,NA,NA,NA,NA,NA,NA,NA,NA,NA,NA,NA,NA,NA,NA,NA,NA,NA,NA,NA,NA,NA,NA,NA,NA,Ocorrência entre 20:15 e 21:15.
335,Leao,CD,21-Mar-20,161,20:30,10,N161,-3.86987,-32.43856,NA,NA,BRA 21618,BR 98337,NA,NA,NA,NAO,NA,I,NA,NA,NA,NA,NA,NA,NA,NA,NA,NA,NA,NA,NA,NA,NA,NA,NA,GPS 10 - N161 - F12.
336,Leao,CD,21-Mar-20,162,20:22,11,N162,-3.87006,-32.43821,NA,NA,BRA 21657,BRA 21658,NA,NA,NA,NAO,NA,I,NA,NA,NA,NA,NA,NA,NA,NA,NA,NA,NA,NA,NA,NA,NA,NA,NA,GPS 11 - N162.
337,Leao,ML,21-Mar-20,NA,22:38,NA,NA,NA,NA,NA,NA,BRA 21616,BRA 21617,NA,NA,NA,NAO,NA,NA,NA,NA,NA,NA,NA,NA,NA,NA,NA,NA,NA,NA,NA,NA,NA,NA,NA,
338,Leao,CD,21-Mar-20,163,22:57,10,N163,-3.87,-32.43783,NA,NA,BRA 21603,BR 53308,NA,NA,NA,NAO,NA,NA,NA,NA,NA,NA,NA,NA,NA,NA,NA,NA,NA,NA,NA,NA,NA,NA,NA,GPS 10 - N163 - F14.
339,Leao,ML,21-Mar-20,NA,23:26,NA,NA,NA,NA,NA,NA,BRA 21647,BRA 21648,NA,NA,NA,NAO,NA,NA,NA,NA,NA,NA,NA,NA,NA,NA,NA,NA,NA,NA,NA,NA,NA,NA,NA,
340,Leao,CD,21-Mar-20,164,23:33,11,N164,-3.86994,-32.43746,BRA 21782,BRA 21783,NA,NA,NA,103.1,95.5,SIM,#164-21/3/20-BRA 21682/ BRA 21683,I,NA,NA,NA,NA,NA,NA,NA,NA,NA,NA,NA,NA,NA,NA,NA,NA,NAO,GPS 11 - N164 - F41. Foto ok. Quelóide próximo a nadadeira esquerda (foto).
341,Leao,CD,21-Mar-20,165,23:45,10,N165,3.86976,32.43694,NA,NA,BRA 21643,BR 77078,NA,NA,NA,NAO,NA,I,NA,NA,NA,NA,NA,NA,NA,NA,NA,NA,NA,NA,NA,NA,NA,NA,NAO,GPS 10 - N165.
342,Leao,ML,21-Mar-20,NA,NA,NA,NA,NA,NA,NA,NA,NA,NA,NA,NA,NA,NA,NA,NA,NA,NA,NA,NA,NA,NA,NA,NA,NA,NA,NA,NA,NA,NA,NA,NA,NA,Ocorrência entre 00:00 e 1:00.
343,Leao,CD,21-Mar-20,166,02:00,11,N166,-3.8696,-32.43634,NA,NA,BRA 21647,BRA 21648,NA,NA,NA,NAO,NA,I,NA,NA,NA,NA,NA,NA,NA,NA,NA,NA,NA,NA,NA,NA,NA,NA,NAO,GPS 11 - N166.
344,Leao,ML,22-Mar-20,NA,NA,NA,NA,NA,NA,NA,NA,NA,NA,NA,NA,NA,NA,NA,NA,NA,NA,NA,NA,NA,NA,NA,NA,NA,NA,NA,NA,NA,NA,NA,NA,NA,Ocorrência antes de 20:20.
345,Leao,SD,22-Mar-20,NA,20:29,NA,NA,NA,NA,NA,NA,BRA 21681,BRA 21682,NA,NA,NA,NAO,NA,NA,NA,NA,NA,NA,NA,NA,NA,NA,NA,NA,NA,NA,NA,NA,NA,NA,NA,
346,Leao,ML,22-Mar-20,NA,NA,NA,NA,NA,NA,NA,NA,NA,NA,NA,NA,NA,NA,NA,NA,NA,NA,NA,NA,NA,NA,NA,NA,NA,NA,NA,NA,NA,NA,NA,NA,NA,Ocorrência entre 20:30 e 21:30.
347,Leao,ML,22-Mar-20,NA,21:38,NA,NA,NA,NA,NA,NA,BRA 21625,BRA 21670,NA,NA,NA,NAO,NA,NA,NA,NA,NA,NA,NA,NA,NA,NA,NA,NA,NA,NA,NA,NA,NA,NA,NA,
348,Leao,ML,22-Mar-20,NA,23:16,NA,NA,NA,NA,NA,NA,BRA 21616,BRA 21617,NA,NA,NA,NAO,NA,NA,NA,NA,NA,NA,NA,NA,NA,NA,NA,NA,NA,NA,NA,NA,NA,NA,NA,
349,Leao,CD,22-Mar-20,167,02:25,10,N167,-3.86999,-32.43762,NA,NA,BRA 21616,BRA 21617,NA,NA,NA,NAO,NA,I,NA,NA,NA,NA,NA,NA,NA,NA,NA,NA,NA,NA,NA,NA,NA,NA,NAO,GPS 10  - N167.
350,Leao,CD,22-Mar-20,168,02:25,10,N168,-3.86987,-32.43769,NA,NA,BRA 21625,BRA 21670,NA,NA,NA,NAO,NA,I,NA,NA,NA,NA,NA,NA,NA,NA,NA,NA,NA,NA,NA,NA,NA,NA,NAO,GPS 10 - N168.
351,Leao,CD,23-Mar-20,169,20:28,11,N169,-3.86956,-32.43635,BRA 21784,BRA 21786,NA,NA,NA,100.5,97.3,SIM,#169-23/03/20-BRA 21784/ BRA 21786,I,NA,NA,NA,NA,NA,NA,NA,NA,NA,NA,NA,NA,NA,NA,NA,NA,NA,"GPS 11 - N169. Deformidade na parte inferior do casco (foto). Cicatrizes de marcas, ambas colocadas entre a segunda e terceira escama."
352,Leao,CD,23-Mar-20,170,20:29,11,N170,-3.86977,-32.43702,NA,NA,BRA 21681,BRA 21682,NA,NA,NA,NAO,NA,I,NA,NA,NA,NA,NA,NA,NA,NA,NA,NA,NA,NA,NA,NA,NA,NA,NAO,GPS 11 - N170.
353,Leao,CD,23-Mar-20,171,22:30,10,N171,-3.86964,-32.43709,NA,NA,BRA 21645,BRA 21684,NA,NA,NA,NAO,NA,NA,NA,NA,NA,NA,NA,NA,NA,NA,NA,NA,NA,NA,NA,NA,NA,NA,NAO,GPS 10 - N171.
354,Leao,SD,23-Mar-20,NA,23:50,NA,NA,NA,NA,NA,NA,NA,NA,NA,NA,NA,NA,NA,NA,NA,NA,NA,NA,NA,NA,NA,NA,NA,NA,NA,NA,NA,NA,NA,NA,NA,
355,Leao,ML,24-Mar-20,NA,NA,NA,NA,NA,NA,NA,NA,NA,NA,NA,NA,NA,NA,NA,NA,NA,NA,NA,NA,NA,NA,NA,NA,NA,NA,NA,NA,NA,NA,NA,NA,NA,Ocorrência antes de 20:30.
356,Leao,CD,24-Mar-20,172,20:30,10,N172,-3.86997,-32.43763,NA,NA,BRA 21627,BR 83329,NA,NA,NA,NAO,NA,I,NA,NA,NA,NA,NA,NA,NA,NA,NA,NA,NA,NA,NA,NA,NA,NA,NAO,GPS 10 - N172.
357,Leao,SD,24-Mar-20,NA,21:30,NA,NA,NA,NA,NA,NA,BRA 21685,BRA 21686,NA,NA,NA,NAO,NA,NA,NA,NA,NA,NA,NA,NA,NA,NA,NA,NA,NA,NA,NA,NA,NA,NA,NA,
358,Leao,ML,24-Mar-20,NA,NA,NA,NA,NA,NA,NA,NA,NA,NA,NA,NA,NA,NA,NA,NA,NA,NA,NA,NA,NA,NA,NA,NA,NA,NA,NA,NA,NA,NA,NA,NA,NA,Ocorrência entre 20:30 e 21:30.
359,Leao,ML,24-Mar-20,NA,02:32,NA,NA,NA,NA,NA,NA,NA,NA,NA,NA,NA,NA,NA,NA,NA,NA,NA,NA,NA,NA,NA,NA,NA,NA,NA,NA,NA,NA,NA,NA,NA,
360,Leao,ML,24-Mar-20,NA,NA,NA,NA,NA,NA,NA,NA,NA,NA,NA,NA,NA,NA,NA,NA,NA,NA,NA,NA,NA,NA,NA,NA,NA,NA,NA,NA,NA,NA,NA,NA,NA,Ocorrência entre 2:20 e 3:20.
361,Leao,ML,25-Mar-20,NA,NA,NA,NA,NA,NA,NA,NA,NA,NA,NA,NA,NA,NA,NA,NA,NA,NA,NA,NA,NA,NA,NA,NA,NA,NA,NA,NA,NA,NA,NA,NA,NA,Ocorrência antes de 21:30.
362,Leao,SD,25-Mar-20,NA,NA,NA,NA,NA,NA,NA,NA,NA,NA,NA,NA,NA,NA,NA,NA,NA,NA,NA,NA,NA,NA,NA,NA,NA,NA,NA,NA,NA,NA,NA,NA,NA,Ocorrência antes de 21:30.
363,Leao,CD,25-Mar-20,173,21:20,11,N173,,,NA,NA,BRA 21695,BRA 21696,NA,NA,NA,SIM,#173-25/03/20-BRA 21695/ BRA 21696,I,NA,NA,NA,NA,NA,NA,NA,NA,NA,NA,NA,NA,NA,NA,NA,NA,NA,GPS 11 - N173 - F41.
364,Leao,CD,25-Mar-20,174,21:25,11,N174,-3.86966,-32.43666,NA,NA,BRA 21685,BRA 21686,NA,NA,NA,SIM,#174-25/03/20-BRA 21685/ BRA 21686,I,NA,NA,NA,NA,NA,NA,NA,NA,NA,NA,NA,NA,NA,NA,NA,NA,NAO,GPS 11 - N174.
365,Leao,CD,25-Mar-20,175,21:42,11,N175,-3.86985,-32.43729,NA,NA,BR 83271,BR 83272,NA,NA,NA,NAO,NA,I,NA,NA,NA,NA,NA,NA,NA,NA,NA,NA,NA,NA,NA,NA,NA,NA,NAO,GPS 11 - N175.
366,Leao,ML,25-Mar-20,NA,NA,NA,NA,NA,NA,NA,NA,NA,NA,NA,NA,NA,NA,NA,NA,NA,NA,NA,NA,NA,NA,NA,NA,NA,NA,NA,NA,NA,NA,NA,NA,NA,Ocorrência entre 22:00 e 23:00.
367,Leao,ML,25-Mar-20,NA,NA,NA,NA,NA,NA,NA,NA,NA,NA,NA,NA,NA,NA,NA,NA,NA,NA,NA,NA,NA,NA,NA,NA,NA,NA,NA,NA,NA,NA,NA,NA,NA,Ocorrência entre 22:00 e 23:00.
368,Leao,SD,25-Mar-20,NA,23:30,NA,NA,NA,NA,NA,NA,BRA 21662,BRA 21676,NA,NA,NA,NAO,NA,NA,NA,NA,NA,NA,NA,NA,NA,NA,NA,NA,NA,NA,NA,NA,NA,NA,NA,
369,Leao,ML,10-Apr-20,NA,NA,NA,NA,NA,NA,NA,NA,NA,NA,NA,NA,NA,NA,NA,NA,NA,NA,NA,NA,NA,NA,NA,NA,NA,NA,NA,NA,NA,NA,NA,NA,NA,Ocorrência antes das 20:00.
370,Leao,ML,10-Apr-20,NA,NA,NA,NA,NA,NA,NA,NA,NA,NA,NA,NA,NA,NA,NA,NA,NA,NA,NA,NA,NA,NA,NA,NA,NA,NA,NA,NA,NA,NA,NA,NA,NA,Ocorrência antes das 20:00.
371,Leao,ML,10-Apr-20,NA,20:08,NA,NA,NA,NA,NA,NA,NA,NA,NA,NA,NA,NA,NA,NA,NA,NA,NA,NA,NA,NA,NA,NA,NA,NA,NA,NA,NA,NA,NA,NA,NA,
372,Leao,ML,10-Apr-20,NA,20:08,NA,NA,NA,NA,NA,NA,NA,NA,NA,NA,NA,NA,NA,NA,NA,NA,NA,NA,NA,NA,NA,NA,NA,NA,NA,NA,NA,NA,NA,NA,NA,
373,Leao,SD,10-Apr-20,NA,20:08,NA,NA,NA,NA,NA,NA,NA,NA,NA,NA,NA,NA,NA,NA,NA,NA,NA,NA,NA,NA,NA,NA,NA,NA,NA,NA,NA,NA,NA,NA,NA,
374,Leao,ML,10-Apr-20,NA,21:35,NA,NA,NA,NA,NA,NA,NA,NA,NA,NA,NA,NA,NA,NA,NA,NA,NA,NA,NA,NA,NA,NA,NA,NA,NA,NA,NA,NA,NA,NA,NA,
375,Leao,ML,10-Apr-20,NA,21:35,NA,NA,NA,NA,NA,NA,NA,NA,NA,NA,NA,NA,NA,NA,NA,NA,NA,NA,NA,NA,NA,NA,NA,NA,NA,NA,NA,NA,NA,NA,NA,
376,Leao,CD,10-Apr-20,176,21:35,NA,NA,NA,NA,NA,NA,BR 38658,BR 67308,NA,NA,NA,NAO,NA,I,NA,NA,NA,NA,NA,NA,NA,NA,NA,NA,NA,NA,NA,NA,NA,NA,NAO,
377,Leao,CD,10-Apr-20,177,21:24,NA,NA,NA,NA,NA,NA,BRA 21657,BRA 21658,NA,NA,NA,NAO,NA,I,NA,NA,NA,NA,NA,NA,NA,NA,NA,NA,NA,NA,NA,NA,NA,NA,NAO,
378,Leao,ML,10-Apr-20,NA,NA,NA,NA,NA,NA,NA,NA,NA,NA,NA,NA,NA,NA,NA,NA,NA,NA,NA,NA,NA,NA,NA,NA,NA,NA,NA,NA,NA,NA,NA,NA,NA,Ocorrência entre 20:40 e 21:40.
379,Leao,ML,10-Apr-20,NA,NA,NA,NA,NA,NA,NA,NA,NA,NA,NA,NA,NA,NA,NA,NA,NA,NA,NA,NA,NA,NA,NA,NA,NA,NA,NA,NA,NA,NA,NA,NA,NA,Ocorrência entre 20:40 e 21:40.
380,Leao,CD,10-Apr-20,178,22:30,NA,NA,NA,NA,NA,NA,BRA 25992,BRA 25993,NA,103,93,SIM,#10/4/2020 BRA 25992/ BRA 25993,I,NA,NA,NA,NA,NA,NA,NA,NA,NA,NA,NA,NA,NA,NA,NA,NA,NAO,
