N_REGISTRO,PRAIA,TIPO_REG,TURTLE ID,DATA_OCORR,N_NINHO,HORA_OCORR,GPS_ID,WAYPOINT,LATITUDE,LONGITUDE,MARCAS_COL1,MARCAS_COL2,MARCAS_ENC1,MARCAS_ENC2,MARCAS_RET,COMP_CASCO,LARG_CASCO,COLETA_MAT_FEMEAS,VIAL _N,SITUACAO,TEMP_LOGGER_ID,TEMP_LOGGER_DEPLOYED,TEMP_LOGGER_REMOVED,TEMP_TRANSF,OVOS_TRANSF,OVOS_FUR,LATITUDE_DESTINO,LONGITUDE_DESTINO,DATA_ECLOS,DATA_ABERT,HIST_NINHO,VIVOS,NATIMORTOS,OVOS_N_ECL,OVOS_TOT,COLETA_MAT_Filhotes,Filhotes amostrados,Tempo de incubacao,Hatching success,OBSERVACAO
1,Leao,SD,NA,20-Dec-2020,1,NA,11,ND 1,-3.86950,-32.43648,NA,NA,NA,NA,NA,NA,NA,NA,NA,NA,NA,NA,NA,NA,NA,NA,NA,NA,NA,NA,NA,NA,NA,NA,NA,NA,,,,"GPS 11 - ND 1. Não foram encontrados os ovos, foi mantida uma estaca (numero 1). Não houve eclosão, ocorrência ND modificada para SD."
2,Leao,ML,NA,24-Dec-2020,NA,NA,11,ML24-12-20,-3.86965,-32.43647,NA,NA,NA,NA,NA,NA,NA,NA,NA,NA,NA,NA,NA,NA,NA,NA,NA,NA,NA,NA,NA,NA,NA,NA,NA,NA,,,,GPS 11 - ML24-12-20.
3,Leao,SD,F1,25-Dec-2020,NA,21:45,11,SD 25/12,-3.86991,-32.43761,BRA 21740,NA,BR 83209,NA,NA,104,97.5,SIM,#SD-25/12/20 BR 83209/BRA 21740,NA,NA,NA,NA,NA,NA,NA,NA,NA,NA,NA,NA,NA,NA,NA,NA,NA,,,,GPS 11 - SD 25/12 - F1.
4,Leao,SD,NA,28-Dec-2020,2,NA,11,4,-3.86971,-32.43684,NA,NA,NA,NA,NA,NA,NA,NA,NA,NA,NA,NA,NA,NA,NA,NA,NA,NA,NA,NA,NA,NA,NA,NA,NA,NA,,,,"GPS 11 - 4. Não foram encontrados os ovos, foi mantida uma estaca (numero 2). Não houve eclosão, ocorrência ND modificada para SD. "
5,Leao,ML,NA,29-Dec-2020,NA,NA,11,ML 29/12/20,-3.86958,-32.43650,NA,NA,NA,NA,NA,NA,NA,NA,NA,NA,NA,NA,NA,NA,NA,NA,NA,NA,NA,NA,NA,NA,NA,NA,NA,NA,,,,GPS 11 - ML 29/12/20.
6,Leao,CD,NA,29-Dec-2020,3,NA,11,6,-3.86932,-32.43627,NA,NA,NA,NA,NA,NA,NA,NA,NA,I,NA,NA,NA,NA,NA,NA,NA,NA,16-Feb-2021,17-Feb-2021,SU,53,7,45,105,NÃO,,49,50.5,GPS 11 - 6.
7,Leao,SD,NA,03-Jan-2021,NA,NA,11,SD03-01-21,-3.86989,-32.43760,NA,NA,NA,NA,NA,NA,NA,NA,NA,NA,NA,NA,NA,NA,NA,NA,NA,NA,NA,NA,NA,NA,NA,NA,NA,NA,,,,GPS 11 - SD03-01-21.
8,Leao,CD,NA,03-Jan-2021,4,NA,11,8,-3.86946,-32.43654,NA,NA,NA,NA,NA,NA,NA,NA,NA,I,NA,NA,NA,NA,NA,NA,NA,NA,19-Feb-2021,19-Feb-2021,SU,50,3,17,68,SIM - 48 filhotes,48,47,73.5,GPS 11 - 8. Fêmea desconhecida (não flagrada). 1 ovo anômalo. 2 filhotes morreram após a abertura do ninho. Ninho coletado para teste. 
9,Leao,ML,NA,13-Jan-2021,NA,NA,11,34,-3.86928,-32.43651,NA,NA,NA,NA,NA,NA,NA,NA,NA,NA,NA,NA,NA,NA,NA,NA,NA,NA,NA,NA,NA,NA,NA,NA,NA,NA,,,,GPS 11 - 034. Ocorrência antes das 20:15.
10,Leao,ML,NA,13-Jan-2021,NA,NA,11,35,-3.87004,-32.43652,NA,NA,NA,NA,NA,NA,NA,NA,NA,NA,NA,NA,NA,NA,NA,NA,NA,NA,NA,NA,NA,NA,NA,NA,NA,NA,,,,GPS 11 - 035. Ocorrência entre 00:00 e 1:10.
11,Leao,SD,F1,14-Jan-2021,NA,23:40,10,51,-3.86996,-32.43734,NA,NA,BR 83209,BRA 21740,NA,104,98.7,SIM,14/01/21 BR 83209/ BRA 21740,NA,NA,NA,NA,NA,NA,NA,NA,NA,NA,NA,NA,NA,NA,NA,NA,NA,,,,GPS 10 - 051 - F1. Foto ID ok.
12,Leao,CD,F1,15-Jan-2021,5,19:50,11,36,-3.86957,-32.43716,NA,NA,BR 83209,BRA 21740,NA,105,97,SIM,#5-15/01/21 BR 83209/ BRA 21740,I,896711,15-Jan-2021 22:21,04-Mar-2021 00:59,NA,NA,NA,NA,NA,02-Mar-2021,03-Mar-2021,SU,32,6,72,110,SIM - 32 filhotes,32,46,29.1,"GPS 11 - 036 - F1. Foto ID ok. Na noite do dia 2-Mar-21 foi encontrado um único filhote às 3:30; liberado ao mar. No dia 3-Mar-21, três filhotes emergiram às 00:59 e os demais vivos que estavam próximo a superficie foram coletados para amostragem.  "
13,Leao,CD,F2,16-Jan-2021,6,20:30,10,52,-3.87003,-32.43782,BRA 27902,NA,BR 38662,NA,NA,119.5,113,SIM,#6- 16/01/21 BRA 27902/ BR 38662,I,895562,16-Jan-2021 21:12,07-Mar-2021 21:15,NA,NA,NA,NA,NA,05-Mar-2021,07-Mar-2021,SU,66,23,14,103,SIM - 66 filhotes,66,48,64.1,"GPS 10 - 052 - F2. Foto ID ok. 2 filhotes emergidos e coletados no dia 5-Mar-21, 42 filhotes emergidos dia 7-Mar-21 e 22 filhotes retidos.  "
14,Leao,CD,NA,17-Jan-2021,7,NA,11,NEST 7,-3.86951,-32.43615,NA,NA,NA,NA,NA,NA,NA,NA,NA,I,NA,NA,NA,NA,NA,NA,NA,NA,08-Mar-2021,09-Mar-2021,SU,57,5,44,106,NA,,50,53.8,GPS 11 - NEST 7. Ocorrência após às 3:10. 1 ovo anomalo  pequeno e 1 filhote encontrado morto na vegetacao (seco). Ninho com muitas raizes que envolviam a parte exterior dos ovos nao eclodidos
15,Leao,SD,F3,21-Jan-2021,NA,1:43,11,37,-3.86976,-32.43681,BRA 27905,NA,BR 67305,NA,NA,106,102,SIM,21/01/21 BR 67305/ BRA 27905,NA,NA,NA,NA,NA,NA,NA,NA,NA,NA,NA,NA,NA,NA,NA,NA,NA,,,,GPS 11 - 037 - F3.
16,Leao,CD,F3,22-Jan-2021,8,21:30,11,38,-3.86967,-32.43651,NA,NA,BR 67305,BRA 27905,NA,106,104,SIM,#8-22/01/21 BR 67305/ BRA 27905,I,896725,22-Jan-2021 23:06,12-Mar-2021 20:38,NA,NA,NA,NA,NA,12-Mar-2021,12-Mar-2021,SU,48,17,21,86,SIM - 47 filhotes,47,49,55.8,GPS 11 - 038 - F3. Foto ID ok. Marca BR 67305 na nadadeira posterior esquerda e BRA 27905 na nadadeira anterior esquerda.  
17,Leao,ML,F5,25-Jan-2021,NA,20:15,10,53,-3.87009,-32.43814,BRA 27906,BRA 27907,NA,NA,NA,110.1,101.5,SIM,25/01/21 BRA 27906/ BRA 27907,NA,NA,NA,NA,NA,NA,NA,NA,NA,NA,NA,NA,NA,NA,NA,NA,NA,,,,GPS 10 - 053 - F5.
18,Leao,CD,F4,25-Jan-2021,9,22:40,11,39,-3.86998,-32.43784,BRA 27908,BRA 27909,NA,NA,NA,108.5,95.5,SIM,#9-25/01/21 BRA 27908/ BRA 27909,I,880878,25-Jan-2021 22:58,15-Mar-2021 23:05,NA,NA,NA,NA,NA,13-Mar-2021,15-Mar-2021,SU,44,1,3,48,SIM - 43 filhotes,43,47,91.7,"GPS 11 - 039 - F4. Foto ID ok. 1 filhote emergido e coletado dia 13-Mar-21, 41 filhotes emergidos e coletados dia 15-Mar-21 e 1 filhote retido e coletado dia 15-Mar-21.  "
19,Leao,CD,F5,26-Jan-2021,10,20:23,10,54,-3.86984,-32.43725,NA,NA,BRA 27906,BRA 27907,NA,110,101.5,SIM,#10- 25/01/21- BRA 27907/ BRA 27906,I,896705, 26-Jan-2021 20:23,16-Mar-2021 20:58,NA,NA,NA,NA,NA,15-Mar-2021,16-Mar-2021,SU,24,4,44,72,NAO,,48,33.3,"GPS 10 - 054 - F5. Foto ID ok. No dia 10-Mar-21 foi procurado o ninho para ser telado e os ovos nao foram encontrados. Tiny Tag foi encontrado bem na superficie e ficou fora das 00:13 as 1:15. Durante a abertura do ninho foi encontrado um outro ninho bem proximo, provavelmente o ninho 42. O tiny tag nao estava dentro do ninho."
20,Leao,CD,F6,26-Jan-2021,11,20:16,10,55,-3.86971,-32.43679,BRA 27903,BRA 27904,NA,NA,BRA 06140,108,103.8,SIM,#11 - 26/01/21 - BRA 27903/ BRA 27904,I,881571,26-Jan-2021 21:49,16-Mar-2021 02:10,NA,NA,NA,NA,NA,15-Mar-2021,15-Mar-2021,SU,76,4,21,101,SIM - 76 fihotes,76,48,75.2,GPS 10 - 055 - F6. Foto ID ok. Marca BRA 27903 colocada entre a segunda e terceira escama da nadadeira esquerda e marca BRA 27904 colocada na axila da nadadeira direita.
21,Leao,SD,NA,26-Jan-2021,NA,NA,11,42,-3.87025,-32.43964,NA,NA,NA,NA,NA,NA,NA,NA,NA,NA,NA,NA,NA,NA,NA,NA,NA,NA,NA,NA,NA,NA,NA,NA,NA,NA,,,,GPS 11 - 042. Ocorrencia antes das 20:23.
22,Leao,ML,NA,27-Jan-2021,NA,NA,10,56,-3.86949,-32.43529,NA,NA,NA,NA,NA,NA,NA,NA,NA,NA,NA,NA,NA,NA,NA,NA,NA,NA,NA,NA,NA,NA,NA,NA,NA,NA,,,,GPS 10 - 056 - Antes das 20:00.
23,Leao,ML,NA,27-Jan-2021,NA,2:14,10,57,-3.86968,-32.43612,NA,NA,NA,NA,NA,NA,NA,NA,NA,NA,NA,NA,NA,NA,NA,NA,NA,NA,NA,NA,NA,NA,NA,NA,NA,NA,,,,"GPS 10 - 057. Tartaruga vista subindo as pedras, não foi possível ver quem era. "
24,Leao,CD,F1,28-Jan-2021,12,19:50,11,NEST 12,-3.86978,-32.43731,NA,NA,BRA 21740,BR 83209,NA,104,96.5,NAO,NA,I,896702,28-Jan-2021 21:19,20-Mar-2021 22:41,NA,NA,NA,NA,NA,18-Mar-2021,20-Mar-2021,SU,104,4,10,118,NAO,,49,88.1,GPS 11 - 043 - F1.
25,Leao,ML,NA,28-Jan-2021,NA,NA,11,45,-3.87025,-32.43973,NA,NA,NA,NA,NA,NA,NA,NA,NA,NA,NA,NA,NA,NA,NA,NA,NA,NA,NA,NA,NA,NA,NA,NA,NA,NA,,,,GPS 11 - 045. Ocorrencia antes de 19:55
26,Leao,SD,F2,28-Jan-2021,NA,20:15,11,44,-3.86990,-32.43737,NA,NA,BRA 27902,BR 38662,NA,119,113,SIM,28/01/21 - BR 38662 / BRA 27902,NA,NA,NA,NA,NA,NA,NA,NA,NA,NA,NA,NA,NA,NA,NA,NA,NA,,,,GPS 11 - 044 - F2 (estava pintado lado direito). Desceu 22:30 fez 4 camas.
27,Leao,CD,F2,29-Jan-2021,13,20:05,10,58,-3.86990,-32.43738,NA,NA,BRA 38662,BRA 27902,NA,NA,NA,NAO,NA,I,896721,29-Jan-2021 21:15,19-Mar-2021 21:13,NA,NA,NA,NA,NA,18-Mar-2021,19-Mar-2021,SU,107,4,7,118,NAO,,48,90.7,GPS 10 - 058 - F2.
28,Leao,CD,F7,29-Jan-2021,14,19:59,10,59,-3.86948,-32.43653,BRA 27917,BRA 27918,NA,NA,NA,103.4,96.96,SIM,#14- 29/01/21- BRA 27917/ BRA 27918,I,896718,29-Jan-2021 21:29,20-Mar-2021 21:05,NA,NA,NA,NA,NA,19-Mar-2021,20-Mar-2021,SU,91,0,3,94,SIM -  91 filhotes,91,49,96.8,"GPS 10 - 059 - F7 - Foto ID ok. 2 ovos anômalos. 83 filhotes emergidos dia 19-Mar-21, 1 filhote emergido dia 20-Mar-21 e 7 retidos. "
29,Leao,ML,NA,30-Jan-2021,NA,NA,11,46,-3.86999,-32.43701,NA,NA,NA,NA,NA,NA,NA,NA,NA,NA,NA,NA,NA,NA,NA,NA,NA,NA,NA,NA,NA,NA,NA,NA,NA,NA,,,,GPS 11 - 046. Ocorrência entre 00:20 e 1:22
30,Leao,CD,F8,01-Feb-2021,15,20:18,10,60,-3.86977,-32.43766,BRA 27901,BRA 27927,NA,NA,NA,105.2,99,SIM,#15- 01/02/21-BRA 27901/ BRA 27927,I,NA,NA,NA,NA,NA,NA,NA,NA,22-Mar-2021,23-Mar-2021,SU,51,9,4,64,SIM - 52 filhotes,52,49,79.7,"GPS 10 - 060 - F8. Sem Tiny Tag pois a tartaruga foi flagrada no final da desova, foi colocao uma planta na direcao da cloaca."
31,Leao,ML,F3,03-Feb-2021,NA,21:16,11,ML,-3.86979,-32.43674,NA,NA,BR 67305,BRA 27905,NA,NA,NA,NAO,NA,NA,NA,NA,NA,NA,NA,NA,NA,NA,NA,NA,NA,NA,NA,NA,NA,NA,,,,GPS 11 - ML - F3.
32,Leao,SD,NA,04-Feb-2021,NA,NA,11,48,-3.87042,-32.43807,NA,NA,NA,NA,NA,NA,NA,NA,NA,NA,NA,NA,NA,NA,NA,NA,NA,NA,NA,NA,NA,NA,NA,NA,NA,NA,,,,GPS 11 - 048. Ocorrência entre 00:15 e 1:30.
33,Leao,ML,F9,05-Feb-2021,NA,20:10,10,61,-3.86978,-32.43851,BRA 27925,BRA 27931,NA,NA,NA,110.3,98.3,NAO,NA,NA,NA,NA,NA,NA,NA,NA,NA,NA,NA,NA,NA,NA,NA,NA,NA,NA,,,,GPS 10 - 061 - F9. Ambas as marcas colocadas entre a segunda e terceira escama das nadadeiras posteriores.
34,Leao,ML,F10,05-Feb-2021,NA,22:57,11,49,-3.87025,-32.43820,NA,NA,BR 77094,BRA 06231,NA,118,107,NAO,NA,NA,NA,NA,NA,NA,NA,NA,NA,NA,NA,NA,NA,NA,NA,NA,NA,NA,,,,GPS 11 - 049 - F10. Marca BR 77094 na nad posterior direita e BRA 06231 na anterior esquerda.
35,Leao,ML,F11,05-Feb-2021,NA,1:30,10,62,-3.87064,-32.43872,BRA 27923,BRA 27924,NA,NA,NA,104,98.4,SIM,05/02/21- BRA 27923/BRA 27924,NA,NA,NA,NA,NA,NA,NA,NA,NA,NA,NA,NA,NA,NA,NA,NA,NA,,,,GPS 10 - 062 - F11. Apenas 1 pedaco de tecido coletado.
36,Leao,ML,F9,06-Feb-2021,NA,20:19,10,63,-3.87052,-32.43962,NA,NA,BRA 27931,BRA 27925,NA,NA,NA,NAO,NA,NA,NA,NA,NA,NA,NA,NA,NA,NA,NA,NA,NA,NA,NA,NA,NA,NA,,,,GPS 10 - 063 - F9.
37,Leao,CD,F9,06-Feb-2021,16,0:15,10,65,-3.86943,-32.43567,NA,NA,BRA 27931,BRA 27925,NA,110.6,97.5,SIM,#16- 06/02/21- BRA 27925/ BRA 27931,I,896720,07-Feb-2021 01:06,28-Mar-2021 00:20,NA,NA,NA,NA,NA,26-Mar-2021,27-Mar-2021,SU,87,2,4,93,SIM - 32 filhotes,32,48,93.5,GPS 10 - 065 - F9. 1 ovo anômalo pequeno. 
38,Leao,ML,NA,06-Feb-2021,NA,NA,10,64,-3.86951,-32.43525,NA,NA,NA,NA,NA,NA,NA,NA,NA,NA,NA,NA,NA,NA,NA,NA,NA,NA,NA,NA,NA,NA,NA,NA,NA,NA,,,,GPS 10 - 064. Ocorrência entre 23:00 e 00:00.
39,Leao,ML,NA,06-Feb-2021,NA,NA,11,51,-3.86828,-32.43596,NA,NA,NA,NA,NA,NA,NA,NA,NA,NA,NA,NA,NA,NA,NA,NA,NA,NA,NA,NA,NA,NA,NA,NA,NA,NA,,,,GPS 11 - 051. Ocorrência entre 00:15 e 1:20.  
40,Leao,CD,F11,06-Feb-2021,17,1:37,10,66,-3.87001,-32.43802,NA,NA,BRA 27923,BRA 27924,NA,103.5,98.7,SIM,#17- 06/02/21- BRA 27923/ BRA 27924,I,895561,07-Feb-2021 03:42,27-Mar-2021 22:05,NA,NA,NA,NA,NA,26-Mar-2021,27-Mar-2021,SU,70,2,23,95,SIM - 32 filhotes,32,48,73.7,GPS 10 - 066 - F11.
41,Leao,ML,F5,07-Feb-2021,NA,20:25,11,63,-3.87001,-32.43927,NA,NA,BRA 27906,BRA 27907,NA,110,102,SIM,07/02/21- BRA 27906/ BRA 27907,NA,NA,NA,NA,NA,NA,NA,NA,NA,NA,NA,NA,NA,NA,NA,NA,NA,,,,GPS 11 - 063 - F5 (estava pintada do lado direito).
42,Leao,CD,F10,07-Feb-2021,18,21:37,10,67,-3.86997,-32.43760,NA,NA,BRA 77094,BRA 06231,NA,118.5,108.2,SIM,#18-07/02/21- BRA 06231/ BR 77094,I,896717,07-Feb-2021 22:29,27-Mar-2021 22:40,NA,NA,NA,NA,NA,25-Mar-2021,27-Mar-2021,SU,71,5,39,115,SIM - 34 filhotes ,34,46,61.7,GPS 10 - 067 - F10. 18 filhotes emergidos dia 25-Mar-2021 e o restante dos filhotes emergidos dia 26-Mar-21.
43,Leao,ML,F6,07-Feb-2021,NA,0:30,11,64,-3.86976,-32.43722,NA,NA,BRA 27903,BRA 27904,NA,NA,NA,NAO,NA,NA,NA,NA,NA,NA,NA,NA,NA,NA,NA,NA,NA,NA,NA,NA,NA,NA,,,,GPS 11 - 064 - F6. Marca BRA 27903 entre 2° e 3° escama esquerda e BRA 27904 na axila direita.
44,Leao,CD,F4,07-Feb-2021,19,1:20,11,65,-3.87000,-32.43803,NA,NA,BRA 27908,BRA 27909,NA,108.5,95,SIM,#19 - 07/02/21 - BRA 27908/ BRA 27909,I,896699,08-Feb-2021 02:32,30-Mar-2021 21:49,NA,NA,NA,NA,NA,29-Mar-2021,30-Mar-2021,SU,73,0,6,79,NAO,,50,92.4,GPS 11 - 065 - F4. 1 ovo anomalo pequeno.
45,Leao,CD,F5,07-Feb-2021,20,2:59,10,68,-3.86984,-32.43713,NA,NA,BRA 27906,BRA 27907,NA,NA,NA,NAO,NA,I,NA,NA,NA,NA,NA,NA,NA,NA,24-Mar-2021,26-Mar-2021,SU,77,8,9,94,SIM - 34 filhotes ,34,45,81.9,"GPS 10 - 068 - F5. 2 filhotes emergidos dia 24-Mar-21 (não amostrado), 2 filhotes emergidos 25-Mar-21 e o restante dos filhotes emergidos dia 26-Mar-21."
46,Leao,CD,F12,08-Feb-2021,21,3:00,11,66,-3.87004,-32.43800,BRA 27932,BRA 27934,NA,NA,NA,103,93.2,SIM,#21 - 08/02/21 - BRA 27932/ BRA 27934,I,881575,09-Feb-2021 04:13,31-Mar-2021 00:20,NA,NA,NA,NA,NA,26-Mar-2021,30-Mar-2021,SU,72,23,8,103,SIM - 58 filhotes,58,46,69.9,"GPS 11 - 066 - F12. 1 filhote emergido dia 26-Mar-2021, 2 filhotes emergidos 26-Mar por volta das 11:00 da manhã (um guarda parque da Econoronha avisou que havia filhotes no ninho), 35 filhotes emergidos dia 29-Mar-2021 e 20 retidos.  "
47,Leao,ML,F1,09-Feb-2021,NA,20:10,11,67,-3.86950,-32.43534,NA,NA,BR 83209,BRA 21740,NA,NA,NA,NAO,NA,NA,NA,NA,NA,NA,NA,NA,NA,NA,NA,NA,NA,NA,NA,NA,NA,NA,,,,GPS 11 - 067 - F1.
48,Leao,ML,F2,09-Feb-2021,NA,21:37,11,68,-3.86990,-32.43755,NA,NA,BR 38662,BRA 27902,NA,NA,NA,NAO,NA,NA,NA,NA,NA,NA,NA,NA,NA,NA,NA,NA,NA,NA,NA,NA,NA,NA,,,,GPS 11 - 068 - F2.
49,Leao,ML,NA,09-Feb-2021,NA,NA,10,69,-3.87023,-32.43650,NA,NA,NA,NA,NA,NA,NA,NA,NA,NA,NA,NA,NA,NA,NA,NA,NA,NA,NA,NA,NA,NA,NA,NA,NA,NA,,,,GPS 10 - 069. Ocorrência entre 20:30 e 21:40.
50,Leao,ML,F1,09-Feb-2021,NA,0:22,11,69,-3.86981,-32.43735,NA,NA,BR 83209,BRA 21740,NA,NA,NA,NAO,NA,NA,NA,NA,NA,NA,NA,NA,NA,NA,NA,NA,NA,NA,NA,NA,NA,NA,,,,GPS 11 - 069 - F1.
51,Leao,SD,F1,09-Feb-2021,NA,2:59,11,71,-3.86971,-32.43678,NA,NA,BR 83209,BRA 21740,NA,NA,NA,NAO,NA,NA,NA,NA,NA,NA,NA,NA,NA,NA,NA,NA,NA,NA,NA,NA,NA,NA,,,,GPS 11 - 071 - F1.
52,Leao,CD,F1,10-Feb-2021,22,20:10,10,70,-3.86960,-32.43648,NA,NA,BR 83209,BRA 21740,NA,NA,NA,NAO,NA,I,896722,10-Feb-2021 21:03,02-Apr-2021 20:50,NA,NA,NA,NA,NA,01-Apr-2021,02-Apr-2021,SU,84,31,12,127,SIM - 32 filhotes,32,50,66.1,GPS 10 - 070 - F1.
53,Leao,CD,F6,10-Feb-2021,23,20:20,11,72 (I) e 73 (P),-3.87029,-32.43887,NA,NA,BRA 27903,BRA 27904,NA,NA,NA,NAO,NA,P,NA,NA,NA,NA,91,0,-3.87001,-32.43800,03-Apr-2021,04-Apr-2021,SU,67,2,21,90,NAO,,52,74.4,GPS 11 - 072 (I) e 073 (P) - F6. 3 ovos anômalos. Transferido por estar em aréa com perigo de inundação. Desovou na porção final da praia. 
54,Leao,ML,F2,10-Feb-2021,NA,23:21,10,71,-3.87062,-32.43849,NA,NA,BRA 27902,BR 38662,NA,NA,NA,NAO,NA,NA,NA,NA,NA,NA,NA,NA,NA,NA,NA,NA,NA,NA,NA,NA,NA,NA,,,,GPS 10 - 071 - F2.
55,Leao,CD,F2,11-Feb-2021,24,20:20,10,72,-3.86980,-32.43704,NA,NA,BRA 27902,BR 38662,NA,NA,NA,SIM,#24-11/02/21- BRA 27902/ BR 38662,I,896694,11-Feb-2021 21:15,02-Apr-2021 23:19,NA,NA,NA,NA,NA,01-Apr-2021,02-Apr-2021,SU,75,31,10,116,SIM - 32 filhotes,32,49,64.7,GPS 10 - 072 - F2.
56,Leao,SD,F7,11-Feb-2021,NA,21:42,10,73,-3.86973,-32.43703,NA,NA,BRA 27917,BRA 27918,NA,NA,NA,NAO,NA,NA,NA,NA,NA,NA,NA,NA,NA,NA,NA,NA,NA,NA,NA,NA,NA,NA,,,,GPS 10 - 073 - F7.
57,Leao,ML,F13,11-Feb-2021,NA,2:10,11,74,-3.87068,-32.43852,BRA 27915,NA,NA,NA,NA,NA,NA,NA,NA,NA,NA,NA,NA,NA,NA,NA,NA,NA,NA,NA,NA,NA,NA,NA,NA,NA,,,,GPS 11 - 074. Tartaruga entrando na agua.
58,Leao,CD,F7,11-Feb-2021,25,3:04,10,74,-3.86953,-32.43636,NA,NA,BRA 27917,BRA 27918,NA,NA,NA,SIM,#25- 11/02/21- BRA 27917/ BRA 27918,I,896701,12-Feb-2021 04:17, 10-Apr-2021 01:01,NA,NA,NA,NA,NA,NA,09-Apr-2021,SU,88,0,10,98,NAO,,,,GPS 10 - 074 - F7.
59,Leao,SD,F14,13-Feb-2021,NA,21:30,10,75,-3.86948,-32.43566,BRA 27938,BRA 27937,NA,NA,NA,110.4,104,NAO,NA,NA,NA,NA,NA,NA,NA,NA,NA,NA,NA,NA,NA,NA,NA,NA,NA,NA,,,,GPS 10 - 074 - F14. Marca BRA 27937 colocada acidentalmente em cima da segunda escama da escama da nad direita (tartaruga andando). 
60,Leao,ML,F14,14-Feb-2021,NA,21:36,10,76,-3.87029,-32.43798,NA,NA,BRA 27937,BRA 27938,NA,NA,NA,NAO,NA,NA,NA,NA,NA,NA,NA,NA,NA,NA,NA,NA,NA,NA,NA,NA,NA,NA,,,,GPS 10 - 076 - F14.
61,Leao,CD,F3,16-Feb-2021,26,20:23,10,77,-3.87011,-32.43732,NA,NA,BRA 27905,BR 67305,NA,NA,NA,NAO,NA,I,896712,16-Feb-2021 22:42,10-Apr-2021 02:17,NA,NA,NA,NA,NA,NA,09-Apr-2021,SU,95,0,5,100,NAO,,,,GPS 10 - 077 - F3 (esmalte retocado).
62,Leao,CD,F15,16-Feb-2021,27,23:53,11,75 (I) e 76 (P),-3.87026,-32.43882,BRA 27940,BRA 27941,NA,NA,NA,101.2,94.1,SIM,16/02/21- BRA 27940/BRA 27941,P,NA,NA,NA,A,76,0,-3.87006,-32.43785,09-Apr-2021,10-Apr-2021,SU,36,0,28,64,NAO,,52,56.3,GPS 11 - 075 (I) e 076 (P) - F15. Marca BRA 27941 colocada na axila nad direita. Transferido por estar em aréa com perigo de inundação pelo segundo rio temporário que se forma com a chuva.  
63,Leao,ML,NA,17-Feb-2021,NA,NA,11,77,-3.86941,-32.43516,NA,NA,NA,NA,NA,NA,NA,NAO,NA,NA,NA,NA,NA,NA,NA,NA,NA,NA,NA,NA,NA,NA,NA,NA,NA,NA,,,,GPS 11 - 077. Ocorrência antes das 20:00.
64,Leao,SD,F16,17-Feb-2021,NA,20:15,11,78,-3.87005,-32.43937,BRA 27942,BRA 27943,NA,NA,NA,105.9,100,NAO,NA,NA,NA,NA,NA,NA,NA,NA,NA,NA,NA,NA,NA,NA,NA,NA,NA,NA,,,,GPS 11 - 078 - F16 (pintada). Foto ID ok. Protuberância na parte proximal da nadadeira esquerda (foto). 
65,Leao,ML,F11,17-Feb-2021,NA,0:10,11,80,-3.86990,-32.43768,NA,NA,NA,NA,NA,NA,NA,NAO,NA,NA,NA,NA,NA,NA,NA,NA,NA,NA,NA,NA,NA,NA,NA,NA,NA,NA,,,,"GPS 11 - 080 - F11 (estava pintada do lado direito). F11 (BRA 27923/ BRA 27924) marcas não conferidas, tartaruga entrando na água. "
66,Leao,ML,F10,17-Feb-2021,NA,0:11,11,79,-3.87002,-32.43713,NA,NA,NA,NA,NA,NA,NA,NAO,NA,NA,NA,NA,NA,NA,NA,NA,NA,NA,NA,NA,NA,NA,NA,NA,NA,NA,,,,"GPS 11 - 079 - F10 (BRA 06231/ BR 77094) marcas não conferidas, tartaruga entrando na água.  "
67,Leao,ML,NA,17-Feb-2021,NA,NA,11,81,-3.87041,-32.43801,NA,NA,NA,NA,NA,NA,NA,NAO,NA,NA,NA,NA,NA,NA,NA,NA,NA,NA,NA,NA,NA,NA,NA,NA,NA,NA,,,,GPS 11 - 081. Ocorrência entre 00:20 e 1:20.
68,Leao,ML,NA,17-Feb-2021,NA,NA,11,82,-3.87039,-32.43810,NA,NA,NA,NA,NA,NA,NA,NAO,NA,NA,NA,NA,NA,NA,NA,NA,NA,NA,NA,NA,NA,NA,NA,NA,NA,NA,,,,GPS 11 - 082. Ocorrência entre 00:20 e 1:20
69,Leao,CD,F5,18-Feb-2021,28,20:09,10,78,-3.86971,-32.43707,NA,NA,BRA 27906,BRA 27907,NA,NA,NA,NAO,NA,I,896691,18-Feb-2021 21:25,10-Apr-2021 00:55,NA,NA,NA,NA,NA,09-Apr-2021,09-Apr-2021,SU,92,1,10,103,SIM - 92 filhotes,92,50,89.3,GPS 10 - 078 - F5 (esmalte retocado).
70,Leao,ML,NA,18-Feb-2021,NA,NA,10,79,-3.86945,-32.43530,NA,NA,NA,NA,NA,NA,NA,NA,NA,NA,NA,NA,NA,NA,NA,NA,NA,NA,NA,NA,NA,NA,NA,NA,NA,NA,,,,GPS 10 - 079. Ocorrência entre 21:20 e 22:40.
71,Leao,ML,NA,18-Feb-2021,NA,NA,10,80,-3.86945,-32.43514,NA,NA,NA,NA,NA,NA,NA,NA,NA,NA,NA,NA,NA,NA,NA,NA,NA,NA,NA,NA,NA,NA,NA,NA,NA,NA,,,,GPS 10 - 080. Ocorrência entre 21:20 e 22:40.
72,Leao,CD,F9,18-Feb-2021,29,22:52,10,81,-3.8698,-32.43716,NA,NA,BRA 27925,BRA 27931,NA,NA,NA,SIM,#29-18/02/21- BRA 27925/BRA 27931,I,NA,NA,NA,NA,NA,NA,NA,NA,10-Apr-2021,11-Apr-2021,SU,94,3,3,100,NAO,,51,94.0,GPS 10 - 081 - F9 (esmalte retocado).
73,Leao,ML,NA,19-Feb-2021,NA,NA,10,82,-3.86951,-32.43501,NA,NA,NA,NA,NA,NA,NA,NA,NA,NA,NA,NA,NA,NA,NA,NA,NA,NA,NA,NA,NA,NA,NA,NA,NA,NA,,,,GPS 10 - 082. Ocorrência antes das 20:47.
74,Leao,CD,F14,19-Feb-2021,30,20:50,11,86,-3.869465,-32.435553,NA,NA,BRA 27937,BRA 27938,NA,110.5,104.5,SIM,#30-19/02/21 - BRA 27937/BRA 27938,I,NA,NA,NA,NA,NA,NA,NA,NA,10-Apr-2021,10-Apr-2021,SU,81,2,30,113,SIM - 55 filhotes,55,50,71.7,GPS 11 - 086 - F14. Foto ID ok
75,Leao,CD,F10,19-Feb-2021,31,20:55,10,83,-3.86987,-32.43769,NA,NA,BR 77094,BRA 06231,NA,NA,NA,SIM,#31-19/02/21 - BR 77094/BRA 06231,I,NA,NA,NA,NA,NA,NA,NA,NA,11-Apr-2021,12-Apr-2021,SU,67,4,53,124,NAO,,51,54.0,GPS 10 - 083 - F10 - Esmalte retocado. BR 77094 nadadeira posterior direita
76,Leao,CD,F16,19-Feb-2021,32,20:56,11,85,-3.870128,-32.438063,NA,NA,BRA 27942,BRA 27943,NA,106.8,100,SIM,#32-19/02/21 - BRA 27942/BRA 27943,I,NA,NA,NA,NA,NA,NA,NA,NA,11-Apr-2021,NA,NA,NA,NA,NA,NA,NAO,,,,"GPS 11 - 085 - F16 - Pintada. Estaca perdida, o ninho não foi encontrado para abertura. "
77,Leao,CD,F17,19-Feb-2021,33,22:22,11,87 (I) e 88 (P),-3.87022,-32.43863,BRA 27949,BRA 27951,NA,NA,NA,102.5,96.5,SIM,#33-19/02/21 - BRA 27949/ BRA 27951,P,NA,NA,NA,A,103,0,-3.87009,-32.43806,11-Apr-2021,12-Apr-2021,SU,49,6,48,103,NAO,,51,47.6,GPS 11 - 087 e 088 (destino) - F17 - Pintada. Grande cicatriz na nadadeira posterior esquerda (foto). Foto ID ok. Transferido por estar em aréa com perigo de inundação pelo segundo rio temporário que se forma com a chuva (próximo da casinha).  
78,Leao,CD,F4,19-Feb-2021,34,21:50,11,89,-3.86999,-32.43799,NA,NA,BRA 27908,BRA 27909,NA,NA,NA,NAO,NA,I,NA,NA,NA,NA,NA,NA,NA,NA,09-Apr-2021,12-Apr-2021,SU,64,0,3,67,SIM - 34 filhotes ,34,49,95.5,"GPS 11 - 089 - F4 (esmalte retocado). Derrubou e enterrou a estaca 23, estaca recolocada no lugar. 1 ovo anômalo pequeno. 1 filhote emergido dia 09-Apr-2021, 1 filhote emergido dia 10-Apr-2021 e os demais emergidos dia 12-Apr-2021. "
79,Leao,CD,F12,20-Feb-2021,35,0:15,11,90,-3.86956,-32.43612,NA,NA,BRA 27932,BRA 27934,NA,NA,NA,SIM,#35-20/02/21- BRA 27932/BRA 27934,I,NA,NA,NA,NA,NA,NA,NA,NA,10-Apr-2021,11-Apr-2021,SU,81,3,10,94,NAO,,49,86.2,GPS 11- 090 Esmalte retocado (F12) ninho marcado com uma salsa enrolada na estaca)
80,Leao,CD,F11,20-Feb-2021,36,2:07,10,84,-3.86993,-32.43755,NA,NA,BRA 27923,BRA 27924,NA,NA,NA,SIM,#36-20/02/21- BRA 27923/BRA 27924,I,NA,NA,NA,NA,NA,NA,NA,NA,NA,14-Apr-2021,SU,90,0,16,106,NAO,,,,GPS 10- 084 - Esmalte retocado (F11)
81,Leao,CD,F13,21-Feb-2021,37,21:23,10,85,-3.87009,-32.43809,BRA 27948,NA,BRA 27915,NA,NA,107.7,103,SIM,#37-21/02/2021 - BRA 27915/BRA 27948,I,NA,NA,NA,NA,NA,NA,NA,NA,13-Apr-2021,14-Apr-2021,SU,55,4,38,97,SIM - 51 filhotes,51,51,56.7,GPS 10 - 085 - F13. Cicatriz na nadadeira posterior direita (foto). Parte acima do olho direito solto.
82,Leao,ML,NA,21-Feb-2021,NA,NA,11,91,-3.87015,-32.43768,NA,NA,NA,NA,NA,NA,NA,NA,NA,NA,NA,NA,NA,NA,NA,NA,NA,NA,NA,NA,NA,NA,NA,NA,NA,NA,,,,GPS 11 - 091. ML entre 21:30 e 22:40.
83,Leao,SD,F2,21-Feb-2021,NA,0:06,10,86,-3.86998,-32.43759,NA,NA,BR 38662,BRA 27902,NA,NA,NA,NAO,NA,NA,NA,NA,NA,NA,NA,NA,NA,NA,NA,NA,NA,NA,NA,NA,NA,NA,,,,GPS 10 - 086 - F2
84,Leao,ML,F1,21-Feb-2021,NA,1:56,10,87,-3.87013,-32.43731,NA,NA,NA,NA,NA,NA,NA,NAO,NA,NA,NA,NA,NA,NA,NA,NA,NA,NA,NA,NA,NA,NA,NA,NA,NA,NA,,,,"GPS 10 - 087 - F1 (BR 83209/ BRA 21740) - marcas não conferidas, tartaruga entrando na água.  "
85,Leao,CD,F6,21-Feb-2021,38,1:54,10,88,-3.87002,-32.43798,NA,NA,BRA 27903,BRA 27904,NA,NA,NA,SIM,#38-21/02/21 - BRA 27903/BRA 27904,I,NA,NA,NA,NA,NA,NA,NA,NA,16-Apr-2021,16-Apr-2021,SU,33,5,54,92,SIM - 32 filhotes,32,54,35.9,GPS 10 - 088 - F6 (pintura retocada no casco). Ninho com muitas raizes. 1 ovo anômalo pequeno. 
86,Leao,ML,NA,21-Feb-2021,NA,NA,11,92,-3.87055,-32.43807,NA,NA,NA,NA,NA,NA,NA,NA,NA,NA,NA,NA,NA,NA,NA,NA,NA,NA,NA,NA,NA,NA,NA,NA,NA,NA,,,,GPS 11 - 092. Entre 2:00 e 2:40.
87,Leao,ML,F2,22-Feb-2021,NA,20:35,11,93,-3.87019,-32.4379,NA,NA,BRA 27902,BR 38662,NA,NA,NA,NAO,NA,NA,NA,NA,NA,NA,NA,NA,NA,NA,NA,NA,NA,NA,NA,NA,NA,NA,,,,GPS 11 - 093 - F2.
88,Leao,CD,F1,22-Feb-2021,39,21:27,10,89,-3.86985,-32.43735,NA,NA,BRA 21740,BR 83209,NA,NA,NA,NAO,NA,I,NA,NA,NA,NA,NA,NA,NA,NA,14-Apr-2021,15-Apr-2021,SU,99,19,12,130,NAO,,51,76.2,GPS 10 - 089 - F1 (esmalte retocado).
89,Leao,CD,F2,22-Feb-2021,40,1:35,11,94,-3.86974,-32.43667,NA,NA,BRA 27902,BR 38662,NA,NA,NA,NAO,NA,I,NA,NA,NA,NA,NA,NA,NA,NA,14-Apr-2021,15-Apr-2021,SU,110,0,4,114,NAO,,51,96.5,GPS 11-094 F2(esmalte retocado)
90,Leao,CD,F7,22-Feb-2021,41,3:15,11,95,-3.86963,-32.43628,NA,NA,BRA 27917,BRA 27918,NA,NA,NA,SIM,#41-22/02/21 - BRA 27917/BRA 27918,I,NA,NA,NA,NA,NA,NA,NA,NA,11-Apr-2021,12-Apr-2021,SU,85,14,9,108,SIM - 32 filhotes,32,48,78.7,GPS 11 - 095 - F7 (esmalte retocado).
91,Leao,CD,F18,22-Feb-2021,42,5:20,11,96,-3.86984,-32.43726,BRA 27952,BRA 27954,NA,NA,NA,101.5,90,NAO,NA,I,NA,NA,NA,NA,NA,NA,NA,NA,13-Apr-2021,14-Apr-2021,SU,65,2,13,80,NAO,,50,81.3,"GPS11-096 F18 Derrubou estaca 10, estaca recolocada"
92,Leao,ML,F19,23-Feb-2021,NA,20:12,11,97,-3.87069,-32.43839,NA,NA,NA,NA,NA,NA,NA,NAO,NA,NA,NA,NA,NA,NA,NA,NA,NA,NA,NA,NA,NA,NA,NA,NA,NA,NA,,,,GPS 11 - 097 - marca com final 6201 (tartaruga entrando na água)
93,Leao,ML,NA,23-Feb-2021,NA,21:35,11,98,-3.87072,-32.43811,NA,NA,NA,NA,NA,NA,NA,NAO,NA,NA,NA,NA,NA,NA,NA,NA,NA,NA,NA,NA,NA,NA,NA,NA,NA,NA,,,,GPS 11 - 098 (tartaruga entrando na água)
94,Leao,CD,F19,24-Feb-2021,43,20:07,10,90,-3.86982,-32.43711,BRA 27936,NA,BRA 06201,NA,NA,113.4,106.3,SIM,#43 - 24/02/21 - BRA 27936/BRA 06201,I,NA,NA,NA,NA,NA,NA,NA,NA,14-Apr-2021,15-Apr-2021,SU,82,1,24,107,SIM - 82 filhotes,82,49,76.6,GPS 10 - 090 - F19 (pintada) - Foto ID  ok
95,Leao,ML,NA,25-Feb-2021,NA,NA,11,99,-3.86989,-32.43691,NA,NA,NA,NA,NA,NA,NA,NA,NA,NA,NA,NA,NA,NA,NA,NA,NA,NA,NA,NA,NA,NA,NA,NA,NA,NA,,,,GPS 11-099 Entre 2:20 e 3:15
96,Leao,ML,F20,26-Feb-2021,NA,3:20,11,100,-3.86946,-32.43513,BRA 27957,NA,NA,NA,NA,NA,NA,NA,NA,NA,NA,NA,NA,NA,NA,NA,NA,NA,NA,NA,NA,NA,NA,NA,NA,NA,,,,GPS 11-100 Tartaruga entrando na agua so foi possivel colocar uma marc (F20)
97,Leao,ML,F3,28-Feb-2021,NA,20:05,10,91,-3.87019,-32.4382,NA,NA,BR 67305,BRA 27905,NA,NA,NA,NA,NA,NA,NA,NA,NA,NA,NA,NA,NA,NA,NA,NA,NA,NA,NA,NA,NA,NA,,,,GPS 10-091 F3
98,Leao,CD,F5,28-Feb-2021,44,20:06,11,101,-3.87003,-32.43792,NA,NA,BRA 27906,BRA 27907,NA,NA,NA,NAO,NA,I,NA,NA,NA,NA,NA,NA,NA,NA,19-Apr-2021,20-Apr-2021,SU,90,0,3,93,NAO,,50,96.8,GPS 11- 101 Esmalte retocado F5
99,Leao,CD,F3,28-Feb-2021,46,20:52,11,102,-3.86986,-32.43725,NA,NA,BRA 27905,BR 67305,NA,NA,NA,NAO,NA,I,NA,NA,NA,NA,NA,NA,NA,NA,17-Apr-2021,18-Apr-2021,SU,91,8,6,105,SIM - 32 filhotes,32,48,86.7,GPS 11- 102 - F3 (esmalte retocao).
100,Leao,CD,F21,28-Feb-2021,45,21:06,10,92,-3.86992,-32.43716,BRA 27945,BRA 27946,NA,NA,NA,107.6,103.3,SIM,#45-28/02/21-BRA 27945/ BRA 27946,I,NA,NA,NA,NA,NA,NA,NA,NA,20-Apr-2021,21-Apr-2021,SU,54,1,53,108,SIM - 53 filhotes,53,51,50.0,GPS 10 - 092-  F21 (pintada) Foto ID ok. Calombro na parte direita do rosto (foto).
101,Leao,ML,NA,28-Feb-2021,NA,NA,11,103,-3.86952,-32.43502,NA,NA,NA,NA,NA,NA,NA,NA,NA,NA,NA,NA,NA,NA,NA,NA,NA,NA,NA,NA,NA,NA,NA,NA,NA,NA,,,,GPS 11- 103 Entre 21:37 e 22:38
102,Leao,ML,NA,01-Mar-2021,NA,20:35,10,93,-3.87038,-32.43816,NA,NA,NA,NA,NA,NA,NA,NA,NA,NA,NA,NA,NA,NA,NA,NA,NA,NA,NA,NA,NA,NA,NA,NA,NA,NA,,,,GPS 10 - 093 Tartaruga entrando na água 
103,Leao,CD,F10,01-Mar-2021,47,20:40,10,94,-3.86989,-32.43771,NA,NA,BRA 06231,BR 77094,NA,NA,NA,NAO,NA,I,502127,01-Mar-2021 21:35,21-Apr-2021 00:16,NA,NA,NA,NA,NA,20-Apr-2021,20-Apr-2021,SU,78,1,40,119,SIM - 78 filhotes,78,50,65.5,GPS 10 - 094 - F10 (esmalte retocado).
104,Leao,SD,F15,01-Mar-2021,NA,20:45,11,104,-3.86991,-32.43745,NA,NA,BRA 27940,BRA 27941,NA,NA,NA,NAO,NA,NA,NA,NA,NA,NA,NA,NA,NA,NA,NA,NA,NA,NA,NA,NA,NA,NA,,,,GPS 11 -104 - F15
105,Leao,SD,F20,01-Mar-2021,NA,21:05,11,105,-3.86987,-32.43738,BRA 27958,NA,BRA 27957,NA,NA,106.3,101,NAO,NA,NA,NA,NA,NA,NA,NA,NA,NA,NA,NA,NA,NA,NA,NA,NA,NA,NA,,,,GPS 11 - 105 - F20
106,Leao,SD,F4,02-Mar-2021,NA,20:10,11,110,-3.86988,-32.43736,NA,NA,BRA 27908,BRA 27909,NA,NA,NA,NA,NA,NA,NA,NA,NA,NA,NA,NA,NA,NA,NA,NA,NA,NA,NA,NA,NA,NA,,,,GPS 11- 110 F4
107,Leao,ML,F16,02-Mar-2021,NA,20:20,11,111,-3.86988,-32.43739,NA,NA,BRA 27942,BRA 27943,NA,NA,NA,NA,NA,NA,NA,NA,NA,NA,NA,NA,NA,NA,NA,NA,NA,NA,NA,NA,NA,NA,,,,GPS 11- 111 F16
108,Leao,CD,F15,02-Mar-2021,49,20:30,11,107,-3.86988,-32.43736,NA,NA,BRA 27940,BRA 27941,NA,NA,NA,SIM,#49 02/03/21 BRA 27940/BRA 27941,I,NA,NA,NA,NA,NA,NA,NA,NA,21-Apr-2021,21-Apr-2021,PA,44,1,38,83,SIM - 3 filhotes,,,,GPS 11 - 107 - F15  (esmalte retocado). Ninho predado por teju. Emergiram 3 filhotes que foram amostrados e a na abertura foram encontrado apenas mais 8. Como o ninho estava telado possivelmente o teju pode ter predado os outros filhotes.
109,Leao,CD,F22,02-Mar-2021,48,21:17,11,106,-3.86970,-32.4367,BRA 27959,NA,BRA 21700,NA,BRA 21763,113.5,109,SIM,#48 02/03/21 BRA 27959 BRA 21700,I,502126,02-Mar-2021 21:39,24-Apr-2021 02:47,NA,NA,NA,NA,NA,21-Apr-2021,23-Apr-2021,SU,20,1,47,68,SIM - 20 filhotes,20,50,29.4,"GPS 11 - 106 - F22 (pintada). Foto ID ok. 1 filhote emergido aparentemente predado por carangueijo dia 21-Apr-2021, 17 emergidos dia 23-Apr-2021 e 2 retidos."
110,Leao,CD,F14,02-Mar-2021,51,21:25,11,108,-3.86956,-32.43602,NA,NA,BRA 27937,BRA 27938,NA,NA,NA,SIM,#51 02/03/21 BRA 27937 BRA 27938,I,NA,NA,NA,NA,NA,NA,NA,NA,21-Apr-2021,22-Apr-2021,SU,75,13,23,111,SIM - 75 filhotes,75,50,67.6,GPS 11 - 108 - F14 (esmalte retocado). Marca BRA 27937 na escama nad direita.
111,Leao,SD,F8,02-Mar-2021,NA,21:30,11,112,-3.86981,-32.43737,BRA 27962,NA,BRA 27901,NA,NA,NA,NA,NA,NA,NA,NA,NA,NA,NA,NA,NA,NA,NA,NA,NA,NA,NA,NA,NA,NA,NA,,,,GPS 11 - 112 - F8. Perdeu 1 marca marca BRA 27962 colocada entre a 2 e 3 escama na nadadeira direita.
112,Leao,SD,F16,02-Mar-2021,NA,22:38,11,114,-3.86985,-32.43691,NA,NA,BRA 27942,BRA 27943,NA,NA,NA,NA,NA,NA,NA,NA,NA,NA,NA,NA,NA,NA,NA,NA,NA,NA,NA,NA,NA,NA,,,,GPS 11 - 114 - F16.
113,Leao,SD,F9,02-Mar-2021,NA,22:50,11,109,-3.86952,-32.43644,NA,NA,BRA 27931,BRA 27925,NA,NA,NA,NA,NA,NA,NA,NA,NA,NA,NA,NA,NA,NA,NA,NA,NA,NA,NA,NA,NA,NA,,,,GPS 11 - 109 - F9.
114,Leao,ML,NA,02-Mar-2021,NA,NA,11,113,-3.87047,-32.43850,NA,NA,NA,NA,NA,NA,NA,NA,NA,NA,NA,NA,NA,NA,NA,NA,NA,NA,NA,NA,NA,NA,NA,NA,NA,NA,,,,GPS 11-113 Entre 23 e 00:00
115,Leao,CD,F4,03-Mar-2021,50,20:04,10,95,-3.86994,-32.43778,NA,NA,BRA 27908,BRA 27909,NA,NA,NA,NAO,NA,I,NA,NA,NA,NA,NA,NA,NA,NA,24-Apr-2021,24-Apr-2021,SU,64,0,6,70,NAO,,52,91.4,GPS 10 - 095 - F4 (esmalte retocado)
116,Leao,CD,F17,03-Mar-2021,52,21:15,11,115,-3.86956,-32.43690,NA,NA,BRA 27949,BRA 27951,NA,NA,NA,SIM,#52 03/03/21 BRA 27949/ BRA 27951,I,NA,NA,NA,NA,NA,NA,NA,NA,19-Apr-2021,21-Apr-2021,SU,65,4,23,92,SIM - 64 filhotes,64,47,70.7,"GPS 11 - 115 - F17 (esmalte retocado). Lesão cicatrizada na nadadeira posterior esquerda. 19 filhotes emergidos dia 19-Apr-2021, 7 filhotes a ""um palmo"" da superficie coletados dia 19-Apr-2021 e 38 filhotes retidos, coletados na abertura dia 21-Apr-2021.  "
117,Leao,ML,F8,03-Mar-2021,NA,22:15,10,96,-3.87025,-32.43805,NA,NA,BRA 27901,NA,NA,NA,NA,NA,NA,NA,NA,NA,NA,NA,NA,NA,NA,NA,NA,NA,NA,NA,NA,NA,NA,NA,,,,"GPS 10 - 096 - F8 (tartaruga entrando na água, apenas uma marca conferida)"
118,Leao,CD,F20,03-Mar-2021,53,23:34,10,97,-3.86972,-32.43671,NA,NA,BRA 27957,BRA 27958,NA,107.2,103,SIM,#53 03/03/21 BRA 27957/ BRA 27958,I,502117,04-Mar-2021 00:32,22-Apr-2021 20:31,NA,NA,NA,NA,NA,21-Apr-2021,22-Apr-2021,SU,62,7,37,106,SIM - 60 filhotes,60,49,58.5,GPS 10 - 097 - F20 (pintada).
119,Leao,CD,F9,03-Mar-2021,54,23:43,10,98,-3.86972,-32.43683,NA,NA,BRA 27925,BRA 27931,NA,NA,NA,NAO,NA,I,NA,NA,NA,NA,NA,NA,NA,NA,20-Apr-2021,20-Apr-2021,SU,103,4,3,110,SIM - 32 filhotes,32,48,93.6,GPS 10 - 098 - F9 (esmalte retocado).
120,Leao,CD,F12,04-Mar-2021,55,20:03,10,99,-3.86963,-32.43653,NA,NA,BRA 27932,BRA 27934,NA,NA,NA,NAO,NA,I,NA,NA,NA,NA,NA,NA,NA,NA,NA,22-Apr-2021,PA,70,0,1,71,NAO,,,,GPS 10 - 099 - F12 (esmalte retocado). Ninho estava telado e foi predado por teju que cavou e arrancou a tela. Nenhum filhote encontrado na abertura.
121,Leao,CD,F16,04-Mar-2021,56,20:11,11,116,-3.87002,-32.43786,NA,NA,BRA 27942,BRA 27943,NA,NA,NA,SIM,#56 04/03/21 BRA 27942/ BRA 27943,I,NA,NA,NA,NA,NA,NA,NA,NA,22-Apr-2021,23-Apr-2021,SU,84,0,11,95,SIM - 84 filhotes,84,49,88.4,GPS 11 - 116 - F16 (esmalte retocado).
122,Leao,CD,F11,04-Mar-2021,57,20:10,11,117,-3.86988,-32.43770,BRA 27960,NA,BRA 27924,NA,NA,NA,NA,NAO,NA,I,NA,NA,NA,NA,NA,NA,NA,NA,22-Apr-2021,22-Apr-2021,SU,87,1,26,120,SIM - 86 filhotes,86,49,72.5,GPS 11 - 117 - F11 (pintada novamente do lado esquerdo). Perdeu 1 marca marca BRA 27923 da nadadeira esquerda.  
123,Leao,ML,NA,04-Mar-2021,NA,NA,10,100,-3.87046,-32.43853,NA,NA,NA,NA,NA,NA,NA,NA,NA,NA,NA,NA,NA,NA,NA,NA,NA,NA,NA,NA,NA,NA,NA,NA,NA,NA,,,,GPS 10 - 100 Entre 22:30 e 23:30
124,Leao,CD,F7,04-Mar-2021,58,3:35,11,118,-3.87003,-32.43791,NA,NA,BRA 27917,BRA 27918,NA,NA,NA,NAO,NA,I,NA,NA,NA,NA,NA,NA,NA,NA,24-Apr-2021,25-Apr-2021,SU,99,1,14,114,SIM - 32 filhotes,32,51,86.8,GPS 11 - 118 - F7 (esmalte retocado).
125,Leao,CD,F6,05-Mar-2021,59,20:06,10,101,-3.86966,-32.43698,NA,NA,BRA 27903,BRA 27904,NA,108.2,103.8,NAO,NA,I,NA,NA,NA,NA,NA,NA,NA,NA,23-Apr-2021,24-Apr-2021,SU,87,2,6,95,NAO,,49,91.6,GPS10- 101 F6 Esmalte retocado. 1 Ovo anomalo pequeno
126,Leao,CD,F2,05-Mar-2021,60,20:10,11,120,-3.87000,-32.43770,NA,NA,BRA 27902,BR 38662,NA,NA,NA,NAO,NA,I,896711,05-Mar-2021 20:50,23-Apr-2021 20:52,NA,NA,NA,NA,NA,21-Apr-2021,23-Apr-2021,SU,126,1,13,140,NAO,,47,90.0,GPS 11 - 120 - F2 (pintada novamente lado esquerdo).
127,Leao,SD,F1,05-Mar-2021,NA,4:07,11,121,-3.86975,-32.43674,NA,NA,BRA 21740,BR 83209,NA,NA,NA,NAO,NA,NA,NA,NA,NA,NA,NA,NA,NA,NA,NA,NA,NA,NA,NA,NA,NA,NA,,,,GPS11- 121 F1
128,Leao,CD,F1,06-Mar-2021,61,18:40,10,102,-3.86974,-32.43677,NA,NA,BRA 21740,BR 83209 ,NA,NA,NA,NAO,NA,I,NA,NA,NA,NA,NA,NA,NA,NA,24-Apr-2021,24-Apr-2021,SU,103,5,27,135,SIM - 96 filhotes,96,49,76.3,GPS 10 - 102 - F1 (esmalte retocado).
129,Leao,CD,F8,06-Mar-2021,62,20:19,10,103,-3.86992,-32.43776,NA,NA,BRA 27962,BRA 27901,NA,NA,NA,SIM,#62 06/03/31 BRA 27962/ BRA27901,I,NA,NA,NA,NA,NA,NA,NA,NA,21-Apr-2021,23-Apr-2021,SU,60,1,23,84,SIM - 33 filhotes,33,46,71.4,GPS 10 - 103 - F8 (esmalte retocado). 1 filhote emergido dia 21-Apr-2021 e o restante dos filhotes emergidos dia 23-Apr-2021.
130,Leao,CD,F18,07-Mar-2021,63,21:15,11,122,-3.86980,-32.43705,NA,NA,BRA 27952,BRA 27954,NA,101,90,SIM,#63 07/03/21 BRA 27952/BRA 27954,I,NA,NA,NA,NA,NA,NA,NA,NA,25-Apr-2021,25-Apr-2021,SU,72,0,13,85,SIM - 72 filhotes,72,49,84.7,"GPS 11 - 122 - F18 (pintada). Ninho marcado temporariamente com a estaca 177,  estaca foi substituida pela 63."
131,Leao,CD,F19,07-Mar-2021,64,21:21,10,104,-3.86950,-32.43597,NA,NA,BRA 06201,BRA 27936,NA,NA,NA,SIM,#64 07/03/21 BRA 06201/ BRA 27936,I,NA,NA,NA,NA,NA,NA,NA,NA,26-Apr-2021,26-Apr-2021,SU,93,1,22,116,NAO,,50,80.2,GPS 10 -104 - F19 (esmalte retocado).
132,Leao,CD,F13,09-Mar-2021,65,21:25,10,105,-3.87006,-32.43810,NA,NA,BRA 27948,BRA 27915,NA,NA,NA,SIM,#65 09/03/21 BRA 27948/ BRA 27915,I,NA,NA,NA,NA,NA,NA,NA,NA,27-Apr-2021,27-Apr-2021,SU,83,3,26,112,NAO,,49,74.1,GPS 10 - 105 - F13 (pintado lado direito retocado). Cavou um ninho antigo. 
133,Leao,ML,F5,10-Mar-2021,NA,21:30,11,123,-3.87039,-32.43865,NA,NA,BRA 27906,BRA 27907,NA,NA,NA,NAO,NA,NA,NA,NA,NA,NA,NA,NA,NA,NA,NA,NA,NA,NA,NA,NA,NA,NA,,,,GPS 11 - 123 - F5
134,Leao,SD,F3,10-Mar-2021,NA,22:30,10,106,-3.87004,-32.43810,NA,NA,BRA 27905,BR 67305,NA,NA,NA,NAO,NA,NA,NA,NA,NA,NA,NA,NA,NA,NA,NA,NA,NA,NA,NA,NA,NA,NA,,,,GPS 10 - 106 - F3
135,Leao,SD,F10,10-Mar-2021,NA,23:00,11,124,-3.87003,-32.43799,NA,NA,BRA 06231,BR 77094,NA,NA,NA,NAO,NA,NA,NA,NA,NA,NA,NA,NA,NA,NA,NA,NA,NA,NA,NA,NA,NA,NA,,,,"GPS 11 - 124 - F10 (BR 77094 na posterior direita) - Derrubou estacas 17 e 38, estacas recolocadas no lugar."
136,Leao,ML,F3,10-Mar-2021,NA,1:28,11,125,-3.87035,-32.43875,NA,NA,BRA 27905,BR 67305,NA,NA,NA,NAO,NA,NA,NA,NA,NA,NA,NA,NA,NA,NA,NA,NA,NA,NA,NA,NA,NA,NA,,,,GPS 11 - 125 - F3
137,Leao,CD,F5,11-Mar-2021,66,20:07,10,107,-3.86980,-32.43715,NA,NA,BRA 27906,BRA 27907,NA,NA,NA,NAO,NA,I,NA,NA,NA,NA,NA,NA,NA,NA,27-Apr-2021,27-Apr-2021,SU,85,0,8,93,SIM - 32 filhotes,32,47,91.4,GPS 10 - 107 - F5 (pintada do lado esquerdo). 1 ovo anômalo pequeno.  
138,Leao,CD,F3,11-Mar-2021,67,20:10,11,126,-3.87007,-32.43806,NA,NA,BRA 27905,BR 67305,NA,NA,NA,NAO,NA,I,NA,NA,NA,NA,NA,NA,NA,NA,02-May-2021,02-May-2021,SU,106,1,7,114,NAO,,52,93.0,GPS 11 - 126 - F3 (esmalte retocado)
139,Leao,SD,F10,11-Mar-2021,NA,22:35,10,108,-3.86987,-32.43731,NA,NA,BRA 06231,BR 77094,NA,NA,NA,NAO,NA,NA,NA,NA,NA,NA,NA,NA,NA,NA,NA,NA,NA,NA,NA,NA,NA,NA,,,,"GPS 10 - 108 - F10. Passou em cima da tela 10 e derrubou a estaca 10 sem arrebentar o fio, estaca recolocada. "
140,Leao,CD,F10,11-Mar-2021,68,3:07,10,109,-3.87007,-32.43809,NA,NA,BRA 06231,BR 77094,NA,NA,NA,NAO,NA,I,502118,12-Mar-2021 03:20,02-May-2021 20:24,NA,NA,NA,NA,NA,29-Apr-2021,02-May-2021,SU,72,2,36,110,NAO,,49,65.5,GPS 10 - 109 - F10 (esmalte retocado)
141,Leao,SD,F14,11-Mar-2021,NA,3:46,10,110,-3.86946,-32.43555,NA,NA,BRA 27937,BRA 27938,NA,NA,NA,NAO,NA,NA,NA,NA,NA,NA,NA,NA,NA,NA,NA,NA,NA,NA,NA,NA,NA,NA,,,,GPS 10 - 110 - F14
142,Leao,SD,F21,12-Mar-2021,NA,19:55,11,127,-3.86949,-32.43511,NA,NA,BRA 27945,BRA 27946,NA,NA,NA,NAO,NA,NA,NA,NA,NA,NA,NA,NA,NA,NA,NA,NA,NA,NA,NA,NA,NA,NA,,,,GPS 11-127 F21 (pintura em bom estado)
143,Leao,ML,F21,12-Mar-2021,NA,21:33,10,111,-3.86958,-32.43493,NA,NA,NA,NA,NA,NA,NA,NA,NA,NA,NA,NA,NA,NA,NA,NA,NA,NA,NA,NA,NA,NA,NA,NA,NA,NA,,,,GPS10-111 F21
144,Leao,SD,F23,12-Mar-2021,NA,4:37,11,128,-3.86947,-32.43520,BRA 27964,BRA 27965,NA,NA,NA,107,95.5,SIM,#12/03/21 BRA 27964/BRA 27965,NA,NA,NA,NA,NA,NA,NA,NA,NA,NA,NA,NA,NA,NA,NA,NA,NA,,,,GPS11- 128 F23 Foto ID ok.
145,Leao,CD,F22,13-Mar-2021,69,21:28,10,117,-3.86985,-32.43707,NA,NA,BRA 27959,BRA 21700,NA,NA,NA,SIM,#69 13/03/21 BRA 27959/BRA 21700,I,895562,14-Mar-2021 01:29,03-May-2021 00:10,NA,NA,NA,NA,NA,02-May-2021,02-May-2021,SU,65,4,32,101,SIM - 65 filhotes,65,50,64.4,GPS 10 - 117 - F22 (esmalte retocado). 
146,Leao,SD,NA,13-Mar-2021,NA,NA,10,112,-3.86945,-32.43538,NA,NA,NA,NA,NA,NA,NA,NA,NA,NA,NA,NA,NA,NA,NA,NA,NA,NA,NA,NA,NA,NA,NA,NA,NA,NA,,,,GPS 10 - 112 - Entre 20:05 e 21:30
147,Leao,ML,NA,13-Mar-2021,NA,NA,10,113,-3.86954,-32.43493,NA,NA,NA,NA,NA,NA,NA,NA,NA,NA,NA,NA,NA,NA,NA,NA,NA,NA,NA,NA,NA,NA,NA,NA,NA,NA,,,,GPS 10 - 113 - Entre 20:05 e 21:30
148,Leao,ML,NA,13-Mar-2021,NA,NA,10,114,-3.86948,-32.43514,NA,NA,NA,NA,NA,NA,NA,NA,NA,NA,NA,NA,NA,NA,NA,NA,NA,NA,NA,NA,NA,NA,NA,NA,NA,NA,,,,GPS 10 - 114 - Entre 20:05 e 21:30
149,Leao,SD,F21,13-Mar-2021,NA,21:35,10,115,-3.86950,-32.43510,NA,NA,BRA 27945,BRA 27946,NA,NA,NA,NAO,NA,NA,NA,NA,NA,NA,NA,NA,NA,NA,NA,NA,NA,NA,NA,NA,NA,NA,,,,GPS 10 - 115 - F21
150,Leao,CD,F17,13-Mar-2021,70,0:03,10,116,-3.87010,-32.43805,NA,NA,BRA 27951,BRA 27949,NA,NA,NA,NAO,NA,I,NA,NA,NA,NA,NA,NA,NA,NA,05-May-2021,06-May-2021,SU,79,1,6,86,SIM - 32 filhotes,32,53,91.9,GPS 10 - 116 - F17 (esmalte retocado).
151,Leao,SD,F21,14-Mar-2021,NA,20:00,10,118,-3.86956,-32.43492,NA,NA,BRA 27945,BRA 27946,NA,NA,NA,NAO,NA,NA,NA,NA,NA,NA,NA,NA,NA,NA,NA,NA,NA,NA,NA,NA,NA,NA,,,,GPS 10- 118 F21
152,Leao,ML,F23,14-Mar-2021,NA,20:04,11,129,-3.86948,-32.43517,NA,NA,BRA 27964,BRA 27965,NA,NA,NA,NAO,NA,NA,NA,NA,NA,NA,NA,NA,NA,NA,NA,NA,NA,NA,NA,NA,NA,NA,,,,GPS 11-129 F23
153,Leao,ML,F24,14-Mar-2021,NA,20:15,11,130,-3.86974,-32.43713,BRA 27961,NA,BR 83201,NA,NA,NA,NA,NAO,NA,NA,NA,NA,NA,NA,NA,NA,NA,NA,NA,NA,NA,NA,NA,NA,NA,NA,,,,GPS 11-130 F24 Tartaruga entrando na agua
154,Leao,ML,NA,14-Mar-2021,NA,20:16,11,131,-3.86992,-32.43713,NA,NA,NA,NA,NA,NA,NA,NA,NA,NA,NA,NA,NA,NA,NA,NA,NA,NA,NA,NA,NA,NA,NA,NA,NA,NA,,,,GPS 11 - 131 Tartaruga entrando na agua
155,Leao,CD,F15,14-Mar-2021,71,20:18,10,119,-3.86992,-32.43740,NA,NA,BRA 27940,BRA 27941,NA,NA,NA,NAO,NA,I,NA,NA,NA,NA,NA,NA,NA,NA,03-May-2021,05-May-2021,SU,55,2,32,89,SIM - 28 filhotes,28,50,61.8,"GPS 10 - 119 - F15 (esmalte retocado). 6 filhotes emergidos dia 3-May-21, 18 emergidos dia 5-May-21 e 4 filhotes retidos; não foram encontrados 27 filhotes (somados aos emergidos e retidos totalizariam o número de casquinhas encontradas - 55 casquinhas)."
156,Leao,ML,F4,14-Mar-2021,NA,20:20,11,134,-3.86989,-32.43776,NA,NA,BRA 27909,BRA 27908,NA,NA,NA,NAO,NA,NA,NA,NA,NA,NA,NA,NA,NA,NA,NA,NA,NA,NA,NA,NA,NA,NA,,,,GPS 11 - 134 - F4
157,Leao,ML,NA,14-Mar-2021,NA,NA,11,132,-3.87036,-32.43935,NA,NA,NA,NA,NA,NA,NA,NA,NA,NA,NA,NA,NA,NA,NA,NA,NA,NA,NA,NA,NA,NA,NA,NA,NA,NA,,,,GPS 11 - 132. Entre 22:30 e 23:40
158,Leao,CD,F23,14-Mar-2021,72,22:38,10,120,-3.86983,-32.43711,NA,NA,BRA 27964,BRA 27965,NA,NA,NA,SIM,#72 14/03/21 BRA 27964/BRA 27965,I,NA,NA,NA,NA,NA,NA,NA,NA,01-May-2021,01-May-2021,SU,62,1,14,77,SIM - 62 filhotes,62,48,80.5,GPS 10 - 120 - F23 (pintada novamente).
159,Leao,ML,F9,14-Mar-2021,NA,23:45,11,133,-3.87055,-32.43944,NA,NA,BRA 27925,BRA 27931,NA,NA,NA,NAO,NA,NA,NA,NA,NA,NA,NA,NA,NA,NA,NA,NA,NA,NA,NA,NA,NA,NA,,,,GPS 11 - 133 F9
160,Leao,CD,F12,14-Mar-2021,73,1:40,11,135,-3.86967,-32.43657,NA,NA,BRA 27932,BRA 27934,NA,NA,NA,NAO,NA,I,NA,NA,NA,NA,NA,NA,NA,NA,04-May-2021,04-May-2021,SU,58,5,8,71,SIM - 58 filhotes,58,51,81.7,GPS 11 - 135 - F12 (esmalte retocado). 1 ovo anomalo pequeno.
161,Leao,ML,F14,14-Mar-2021,NA,3:12,10,121,-3.86957,-32.43542,NA,NA,BRA 27937,BRA 27938,NA,NA,NA,NAO,NA,NA,NA,NA,NA,NA,NA,NA,NA,NA,NA,NA,NA,NA,NA,NA,NA,NA,,,,GPS 10 - 121 - F14
162,Leao,SD,F9,14-Mar-2021,NA,4:30,10,122,-3.86959,-32.43631,NA,NA,BRA 27925,BRA 27931,NA,NA,NA,NAO,NA,NA,NA,NA,NA,NA,NA,NA,NA,NA,NA,NA,NA,NA,NA,NA,NA,NA,,,,GPS 10 - 122 - F9
163,Leao,SD,F21,15-Mar-2021,NA,20:04,11,137,-3.86949,-32.43519,NA,NA,BRA 27945,BRA 27946,NA,NA,NA,NAO,NA,NA,NA,NA,NA,NA,NA,NA,NA,NA,NA,NA,NA,NA,NA,NA,NA,NA,,,,GPS 11 - 137 F21
164,Leao,ML,NA,15-Mar-2021,NA,NA,11,138,-3.86989,-32.43696,NA,NA,NA,NA,NA,NA,NA,NA,NA,NA,NA,NA,NA,NA,NA,NA,NA,NA,NA,NA,NA,NA,NA,NA,NA,NA,,,,GPS 11 - 138. Antes das 20:10
165,Leao,ML,F11,15-Mar-2021,NA,20:15,10,123,-3.87044,-32.43926,NA,NA,NA,NA,NA,NA,NA,NA,NA,NA,NA,NA,NA,NA,NA,NA,NA,NA,NA,NA,NA,NA,NA,NA,NA,NA,,,,"GPS 10 - 123 F11 (tartaruga entrando na água, não foi possível conferir as marcas)"
166,Leao,ML,F4,15-Mar-2021,NA,21:21,11,140,-3.86990,-32.43696,NA,NA,BRA 27908,BRA 27909,NA,NA,NA,NAO,NA,NA,NA,NA,NA,NA,NA,NA,NA,NA,NA,NA,NA,NA,NA,NA,NA,NA,,,,GPS 11 - 140 F4
167,Leao,CD,F25,15-Mar-2021,74,21:22,11,136 (I) e 141 (P),-3.87020,-32.43992,BRA 27970,BRA 27971,NA,NA,NA,122.8,110.5,SIM,#74 15/03/21 BRA 27970/BRA 27971,P,NA,NA,NA,A,164,0,-3.87004,-32.43789,04-May-2021,04-May-2021,SU,76,24,60,160,SIM - 32 filhotes,32,50,47.5,"GPS 11 - 136 (I) e GPS 11 - 141 (P) - F25 (pintada). Desovou no final da praia, perto das pedras, aréa com perigo de inundação por chuva e por maré."
168,Leao,SD,F6,15-Mar-2021,NA,22:00,11,139,-3.86977,-32.43715,NA,NA,BRA 27903,BRA 27904,NA,NA,NA,NAO,NA,NA,NA,NA,NA,NA,NA,NA,NA,NA,NA,NA,NA,NA,NA,NA,NA,NA,,,,GPS 11 - 139 - F6
169,Leao,ML,NA,15-Mar-2021,NA,NA,11,142,-3.86989,-32.43690,NA,NA,NA,NA,NA,NA,NA,NA,NA,NA,NA,NA,NA,NA,NA,NA,NA,NA,NA,NA,NA,NA,NA,NA,NA,NA,,,,GPS 11 - 142. Entre 22:00 e 22:50. 
170,Leao,CD,F9,15-Mar-2021,75,1:52,10,124,-3.87008,-32.43806,NA,NA,BRA 27925,BRA 27931,NA,NA,NA,NAO,NA,I,NA,NA,NA,NA,NA,NA,NA,NA,06-May-2021,06-May-2021,SU,108,1,0,109,NAO,,52,99.1,GPS 10 - 124 F9 (esmalte retocado).
171,Leao,CD,F4,15-Mar-2021,76,4:20,11,143,-3.86994,-32.43771,NA,NA,BRA 27908,BRA 27909,NA,NA,NA,NAO,NA,I,NA,NA,NA,NA,NA,NA,NA,NA,07-May-2021,07-May-2021,SU,72,0,2,74,SIM - 32 filhotes,32,53,97.3,GPS 11 - 143 - F4 (esmalte retocado).
172,Leao,SD,F11,15-Mar-2021,NA,5:00,11,144,-3.87008,-32.43808,NA,NA,BRA 27924,BRA 27960,NA,NA,NA,NAO,NA,NA,NA,NA,NA,NA,NA,NA,NA,NA,NA,NA,NA,NA,NA,NA,NA,NA,,,,GPS 11 - 144 F11
173,Leao,SD,F24,16-Mar-2021,NA,20:05,10,125,-3.86978,-32.43696,NA,NA,BRA 27961,BR 83201,NA,NA,NA,NAO,NA,NA,NA,NA,NA,NA,NA,NA,NA,NA,NA,NA,NA,NA,NA,NA,NA,NA,,,,GPS 10-125 F24
174,Leao,SD,F16,16-Mar-2021,NA,20:06,10,126,-3.86974,-32.43699,NA,NA,NA,NA,NA,NA,NA,NAO,NA,NA,NA,NA,NA,NA,NA,NA,NA,NA,NA,NA,NA,NA,NA,NA,NA,NA,,,,GPS 10-126 F16 marcas nao conferidas
175,Leao,CD,F2,16-Mar-2021,77,21:20,10,127,-3.86947,-32.43562,NA,NA,BR 38662,BRA 27902,NA,NA,NA,NAO,NA,I,896725,16-Mar-2021 23:29,04-May-2021 10:13,NA,NA,NA,NA,NA,03-May-2021,03-May-2021,SU,123,4,6,133,NAO,,48,92.5,GPS 10 - 127 - F2 (esmalte retocado).
176,Leao,CD,F11,16-Mar-2021,78,22:48,11,148,-3.86995,-32.43743,NA,NA,BRA 27960,BRA 27924,NA,NA,NA,NAO,NA,I,NA,NA,NA,NA,NA,NA,NA,NA,05-May-2021,06-May-2021,SU,94,5,9,108,SIM - 32 filhotes,32,50,87.0,GPS 11 - 148 - F11 (esmalte retocado).
177,Leao,SD,F20,16-Mar-2021,NA,22:49,11,149,-3.86988,-32.43765,NA,NA,BRA 27957,BRA 27958,NA,NA,NA,NA,NA,NA,NA,NA,NA,NA,NA,NA,NA,NA,NA,NA,NA,NA,NA,NA,NA,NA,,,,GPS 11- 149 F20
178,Leao,ML,NA,17-Mar-2021,NA,NA,11,152,-3.86955,-32.43492,NA,NA,NA,NA,NA,NA,NA,NA,NA,NA,NA,NA,NA,NA,NA,NA,NA,NA,NA,NA,NA,NA,NA,NA,NA,NA,,,,GPS 11 - 152. Antes das 20:07
179,Leao,CD,F20,17-Mar-2021,80,20:40,11,151,-3.86996,-32.43776,NA,NA,BRA 27957,BRA 27958,NA,NA,NA,SIM,#80 17/03/21 BRA 27957/BRA 27958,I,896705,17-Mar-2021 22:10,06-May-2021 20:53,NA,NA,NA,NA,NA,05-May-2021,06-May-2021,SU,64,16,22,102,SIM - 32 filhotes,32,49,62.7,GPS 11 - 151 - F20 (esmalte retocado).
180,Leao,CD,F24,17-Mar-2021,79,22:55,11,150,-3.86971,-32.43675,NA,NA,BRA 27961,BR 83201,NA,114.5,105,SIM,#79 17/03/21 BRA 27961/ BR 83201,I,NA,NA,NA,NA,NA,NA,NA,NA,05-May-2021,05-May-2021,SU,46,0,45,91,SIM - 35 filhotes,35,49,50.5,GPS 11 - 150 - F24 (pintada). Foto ID ok. Craca na 3° placa lateral esquerda (foto). 
181,Leao,CD,F16,18-Mar-2021,81,20:06,10,128,-3.86968,-32.43670,NA,NA,BRA 27942,BRA 27943,NA,NA,NA,NAO,NA,I,NA,NA,NA,NA,NA,NA,NA,NA,06-May-2021,07-May-2021,SU,158,0,11,169,SIM - 32 filhotes,32,49,93.5,GPS 10 - 128 - F16. 
182,Leao,CD,F1,18-Mar-2021,82,20:15,10,130,-3.87000,-32.43768,NA,NA,BR 83209,BRA 21740,NA,NA,NA,NAO,NA,I,NA,NA,NA,NA,NA,NA,NA,NA,08-May-2021,08-May-2021,SU,117,1,9,127,NAO,,51,92.1,GPS 10 - 130 F1 (esmalte retocado)
183,Leao,ML,NA,18-Mar-2021,NA,NA,11,153,-3.87008,-32.43999,NA,NA,NA,NA,NA,NA,NA,NA,NA,NA,NA,NA,NA,NA,NA,NA,NA,NA,NA,NA,NA,NA,NA,NA,NA,NA,,,,GPS 11 - 153. Antes das 20:25
184,Leao,ML,F17,18-Mar-2021,NA,21:28,10,129,-3.86948,-32.43535,NA,NA,BRA 27949,BRA 27951,NA,NA,NA,NAO,NA,NA,NA,NA,NA,NA,NA,NA,NA,NA,NA,NA,NA,NA,NA,NA,NA,NA,,,,GPS 10 - 129 F17
185,Leao,SD,F18,18-Mar-2021,NA,1:25,11,154,-3.87012,-32.43813,NA,NA,BRA 27952,BRA 27954,NA,NA,NA,NAO,NA,NA,NA,NA,NA,NA,NA,NA,NA,NA,NA,NA,NA,NA,NA,NA,NA,NA,,,,GPS 11 - 154 F18
186,Leao,CD,F18,19-Mar-2021,83,21:47,10,131 (I) e 132 (P),-3.87042,-32.43909,NA,NA,BRA 27952,BRA 27954,NA,NA,NA,SIM,#83 19/03/21 BRA 27952/ BRA 27953,P,NA,NA,NA,A,100,0,-3.87001,-32.43784,07-May-2021,07-May-2021,SU,85,8,4,97,SIM - 33 filhotes,33,49,87.6,GPS 10 - 131 (I) e 132 (P) - F18. 1 ovo apresentou estrutura parecida com um ovo de galinha (com uma ponta). Desovou em área com perigo de inundação por maré.
187,Leao,CD,F19,20-Mar-2021,84,20:10,10,133,-3.86939,-32.43571,NA,NA,BR 06201,BRA 27936,NA,NA,NA,NAO,NA,I,NA,NA,NA,NA,NA,NA,NA,NA,08-May-2021,08-May-2021,SU,104,2,3,109,SIM - 32 filhotes,32,49,95.4,GPS 10 - 133 - F19 (esmalte retocado). 
188,Leao,CD,F13,20-Mar-2021,85,20:16,10,N85,-3.86974,-32.43738,NA,NA,BRA 27915,BRA 27948,NA,NA,NA,NAO,NA,I,NA,NA,NA,NA,NA,NA,NA,NA,08-May-2021,08-May-2021,SU,94,2,15,111,SIM - 32 filhotes,32,49,84.7,GPS 11 - N85 - F13 (esmalte retocado).
189,Leao,SD,F3,21-Mar-2021,NA,22:35,11,155,-3.86971,-32.43730,NA,NA,BR 67305,BRA 27905,NA,NA,NA,NA,NA,NA,NA,NA,NA,NA,NA,NA,NA,NA,NA,NA,NA,NA,NA,NA,NA,NA,,,,GPS 11- 155 F3
190,Leao,ML,NA,21-Mar-2021,NA,NA,10,134,-3.86950,-32.43512,NA,NA,NA,NA,NA,NA,NA,NA,NA,NA,NA,NA,NA,NA,NA,NA,NA,NA,NA,NA,NA,NA,NA,NA,NA,NA,,,,GPS 10-134 Entre 00:20 e 1:30
191,Leao,ML,F10,21-Mar-2021,NA,1:43,10,135,-3.86948,-32.43519,NA,NA,BR 77094,BRA 06231,NA,NA,NA,NAO,NA,NA,NA,NA,NA,NA,NA,NA,NA,NA,NA,NA,NA,NA,NA,NA,NA,NA,,,,GPS 10-135 F10
192,Leao,CD,F10,22-Mar-2021,87,21:21,10,136,-3.87005,-32.43795,NA,NA,BR 77094,BRA 06231,NA,NA,NA,NAO,NA,I,881571,22-Mar-2021 23:05,11-May-2021 22:40,NA,NA,NA,NA,NA,10-May-2021,11-May-2021,SU,72,7,52,131,SIM - 35 filhotes,35,49,55.0,GPS 10 - 136 - F10 (esmalte retocado).
193,Leao,CD,F3,22-Mar-2021,86,21:43,10,137,-3.86954,-32.43642,NA,NA,BR 67305,BRA 27905,NA,NA,NA,NAO,NA,I,NA,NA,NA,NA,NA,NA,NA,NA,12-May-2021,12-May-2021,SU,122,2,6,130,SIM - 32 filhotes,32,51,93.8,GPS 10 - 137 - F3 (esmalte retocado).
194,Leao,ML,NA,23-Mar-2021,NA,NA,11,156,-3.86981,-32.43641,NA,NA,NA,NA,NA,NA,NA,NA,NA,NA,NA,NA,NA,NA,NA,NA,NA,NA,NA,NA,NA,NA,NA,NA,NA,NA,,,,GPS 11-156 Antes das 20:03
195,Leao,CD,F17,23-Mar-2021,88,21:30,11,157,-3.86998,-32.43757,NA,NA,BRA 27951,BRA 27949,NA,NA,NA,NAO,NA,I,NA,NA,NA,NA,NA,NA,NA,NA,11-May-2021,14-May-2021,SU,83,0,6,89,SIM - 32 filhotes,32,49,93.3,GPS 11 - 157 - F17 (esmalte retocado). 12 filhotes emergidos dia 11-May-2021 e o restante dos filhotes emergidos dia 14-May-2021. Na abertura foi encontrado um filhote predado sem cabeça.
196,Leao,CD,F5,23-Mar-2021,89,21:31,10,138,-3.86987,-32.43730,NA,NA,BRA 27906,BRA 27907,NA,NA,NA,NAO,NA,I,NA,NA,NA,NA,NA,NA,NA,NA,13-May-2021,13-May-2021,SU,87,0,6,93,NAO,,51,93.5,GPS 10-138 F5 esmalte retocado. 1 ovo anômalo pequeno.
197,Leao,ML,NA,25-Mar-2021,NA,NA,11,159,-3.86959,-32.43568,NA,NA,NA,NA,NA,NA,NA,NA,NA,NA,NA,NA,NA,NA,NA,NA,NA,NA,NA,NA,NA,NA,NA,NA,NA,NA,,,,GPS 11-159 Antes das 19:55
198,Leao,ML,F25,25-Mar-2021,NA,19:58,11,158,-3.86999,-32.43675,NA,NA,BRA 27970,BRA 27971,NA,NA,NA,NAO,NA,NA,NA,NA,NA,NA,NA,NA,NA,NA,NA,NA,NA,NA,NA,NA,NA,NA,,,,GPS 11-158 F25
199,Leao,ML,F22,25-Mar-2021,NA,22:20,11,161,-3.87030,-32.43758,NA,NA,NA,NA,NA,NA,NA,NA,NA,NA,NA,NA,NA,NA,NA,NA,NA,NA,NA,NA,NA,NA,NA,NA,NA,NA,,,,GPS 11-161 F22 Nao foi possivel conferir as marcas tartaruga entrando na agua
200,Leao,ML,NA,25-Mar-2021,NA,NA,11,160,-3.86966,-32.43583,NA,NA,NA,NA,NA,NA,NA,NA,NA,NA,NA,NA,NA,NA,NA,NA,NA,NA,NA,NA,NA,NA,NA,NA,NA,NA,,,,GPS 11-160 Entre 22:20 e 23:00
201,Leao,ML,NA,25-Mar-2021,NA,NA,10,139,-3.86952,-32.43537,NA,NA,NA,NA,NA,NA,NA,NA,NA,NA,NA,NA,NA,NA,NA,NA,NA,NA,NA,NA,NA,NA,NA,NA,NA,NA,,,,GPS 10-139 Entre 00:20 e 01:20
202,Leao,ML,F12,25-Mar-2021,NA,2:15,10,140,-3.86947,-32.43532,NA,NA,BRA 27932,BRA 27934,NA,NA,NA,NAO,NA,NA,NA,NA,NA,NA,NA,NA,NA,NA,NA,NA,NA,NA,NA,NA,NA,NA,,,,GPS 10-140 F12
203,Leao,ML,F22,25-Mar-2021,NA,2:40,10,141,-3.87026,-32.43784,NA,NA,NA,NA,NA,NA,NA,NA,NA,NA,NA,NA,NA,NA,NA,NA,NA,NA,NA,NA,NA,NA,NA,NA,NA,NA,,,,GPS 10-141 F22 Nao foi possível conferir as marcas tartaruga entrando na agua.
204,Leao,CD,F12,26-Mar-2021,90,20:01,10,142,-3.86965,-32.43660,NA,NA,BRA 27932,BRA 27934,NA,NA,NA,NAO,NA,I,NA,NA,NA,NA,NA,NA,NA,NA,15-May-2021,15-May-2021,SU,87,1,2,90,SIM - 32 filhotes,32,50,96.7,GPS 10 - 142 - F12 (esmalte retocado).
205,Leao,CD,F25,26-Mar-2021,91,20:03,11,162,-3.87003,-32.43792,NA,NA,BRA 27970,BRA 27971,NA,NA,NA,SIM ,#91 26/03/2021 BRA 27970/ BRA 27971,I,NA,NA,NA,NA,NA,NA,NA,NA,16-May-2021,16-May-2021,SU,112,10,14,136,SIM - 96 filhotes,96,51,82.4,GPS 11 - 162 - F25 (esmalte retocado). Foto ID ok. 1 ovo anomalo pequeno.
206,Leao,CD,F15,26-Mar-2021,92,20:04,10,143,-3.86987,-32.43742,NA,NA,BRA 27940,BRA 27941,NA,NA,NA,NAO,NA,I,NA,NA,NA,NA,NA,NA,NA,NA,14-May-2021,14-May-2021,SU ,71,1,17,89,SIM - 71 filhotes,71,49,79.8,GPS 10 - 143 - F15 (esmalte retocado). Um filhote encontrado morto proximo  a superficie.
207,Leao,CD,F9,26-Mar-2021,93,0:08,11,164,-3.86983,-32.43756,NA,NA,BRA 27925,BRA 27931,NA,NA,NA,NAO,NA,I,NA,NA,NA,NA,NA,NA,NA,NA,16-May-2021,16-May-2021,SU,110,4,1,115,SIM - 92 filhotes,92,51,95.7,"GPS 11 - 164 - F9 (esmalte retocado). Passou pela tela do ninho 18 e arrancou, tela recolocada."
208,Leao,CD,F22,26-Mar-2021,94,0:12,11,163,-3.86961,-32.43692,NA,NA,BRA 21700,BRA 27959,NA,NA,NA,NAO,NA,I,880878,27-Mar-2021 01:23,17-May-2021 01:40,NA,NA,NA,NA,NA,16-May-2021,16-May-2021,SU,103,2,5,110,SIM - 32 filhotes,32,51,93.6,GPS 11 - 163 - F22 (esmalte retocado).
209,Leao,CD,F2,27-Mar-2021,95,20:20,11,165,-3.87003,-32.43789,NA,NA,BR 38662,BRA 27902,NA,NA,NA,NAO,NA,I,896702,27-Mar-2021 20:29,18-May-2021 00:13,NA,NA,NA,NA,NA,17-May-2021,17-May-2021,SU,125,1,2,128,SIM - 32 filhotes,32,51,97.7,GPS 11 - 165 - F2 (esmalte retocado).
210,Leao,ML,NA,29-Mar-2021,NA,NA,10,144,-3.87013,-32.43760,NA,NA,NA,NA,NA,NA,NA,NA,NA,NA,NA,NA,NA,NA,NA,NA,NA,NA,NA,NA,NA,NA,NA,NA,NA,NA,,,,GPS 10 - 144. Antes das 20:05.
211,Leao,ML,NA,29-Mar-2021,NA,NA,10,145,-3.87039,-32.43823,NA,NA,NA,NA,NA,NA,NA,NA,NA,NA,NA,NA,NA,NA,NA,NA,NA,NA,NA,NA,NA,NA,NA,NA,NA,NA,,,,GPS 10 - 145. Antes das 20:05.
212,Leao,ML,NA,29-Mar-2021,NA,NA,10,146,-3.87042,-32.43833,NA,NA,NA,NA,NA,NA,NA,NA,NA,NA,NA,NA,NA,NA,NA,NA,NA,NA,NA,NA,NA,NA,NA,NA,NA,NA,,,,GPS 10 - 146. Antes das 20:05.
213,Leao,CD,F24,30-Mar-2021,96,20:07,10,147,-3.86994,-32.43770,NA,NA,BRA 27961,BR 83201,NA,NA,NA,NAO,NA,I,NA,NA,NA,NA,NA,NA,NA,NA,19-May-2021,19-May-2021,SU,42,1,52,95,SIM - 32 filhotes,32,50,44.2,GPS 10 - 147 - F24. Tartaruga flagrada no final do processo não foi possível realizar todos os procedimentos e o ninho foi encontrado depois que ela desceu.
214,Leao,ML,F13,30-Mar-2021,NA,20:15,11,166,-3.87003,-32.43789,NA,NA,BRA 27915,BRA 27948,NA,NA,NA,NAO,NA,NA,NA,NA,NA,NA,NA,NA,NA,NA,NA,NA,NA,NA,NA,NA,NA,NA,,,,GPS 11-166 F13
215,Leao,SD,F13,30-Mar-2021,NA,22:18,11,168,-3.87009,-32.43811,NA,NA,BRA 27915,BRA 27948,NA,NA,NA,NAO,NA,NA,NA,NA,NA,NA,NA,NA,NA,NA,NA,NA,NA,NA,NA,NA,NA,NA,,,,GPS 11-168 F13 Desceu 00:57
216,Leao,ML,NA,30-Mar-2021,NA,NA,11,167,-3.87047,-32.43953,NA,NA,NA,NA,NA,NA,NA,NA,NA,NA,NA,NA,NA,NA,NA,NA,NA,NA,NA,NA,NA,NA,NA,NA,NA,NA,,,,GPS 11- 167 Antes das 20:15
217,Leao,CD,NA,30-Mar-2021,97,NA,10,148,-3.86963,-32.43654,NA,NA,NA,NA,NA,NA,NA,NA,NA,I,NA,NA,NA,NA,NA,NA,NA,NA,21-May-2021,21-May-2021,SU,94,0,2,96,NAO,,52,97.9,"GPS 10-148 Tartaruga subiu antes das 20:00 e nao foi flagrada, foi visto apenas a cama e o rastro de descida por volta de 22:40. Ninho não encontrado, mas será monitorado."
218,Leao,CD,F13,31-Mar-2021,98,20:05,11,169,-3.86987,-32.43763,NA,NA,BRA 27915,BRA 27948,NA,NA,NA,NAO,NA,I,NA,NA,NA,NA,NA,NA,NA,NA,21-May-2021,21-May-2021,SU,103,3,3,109,SIM - 33 filhotes,33,51,94.5,"GPS 11 - 169 F13 (esmalte retocado). A caminho do mar foi encontrado 20 ovos em seu rastro de descida, avistado às 22:55. Os ovos foram depositados cenca de 2m do ninho e sinalizado com salsa e pedras ao redor. Na abertura foram encontrados 21 casquinhas, houve um erro de contagem dos ovos encontrados no rastro da tartaruga.  "
219,Leao,ML,NA,31-Mar-2021,NA,NA,11,170,-3.87039,-32.43899,NA,NA,NA,NA,NA,NA,NA,NA,NA,NA,NA,NA,NA,NA,NA,NA,NA,NA,NA,NA,NA,NA,NA,NA,NA,NA,,,,GPS 11 - 170. Entre a ronda das 20:00 e 21:20.
220,Leao,SD,F18,31-Mar-2021,NA,22:10,11,171,-3.87006,-32.43946,NA,NA,NA,NA,NA,NA,NA,NAO,NA,NA,NA,NA,NA,NA,NA,NA,NA,NA,NA,NA,NA,NA,NA,NA,NA,NA,,,,GPS 11 - 171 F18
221,Leao,CD,F19,01-Apr-2021,99,20:05,11,172,-3.87008,-32.43808,NA,NA,BRA 27936,BRA 06201,NA,NA,NA,NAO,NA,I,NA,NA,NA,NA,NA,NA,NA,NA,22-May-2021,22-May-2021,SU,102,0,4,106,SIM - 32 filhotes,32,51,96.2,GPS 11 - 172 - F19 (esmalte retocado).
222,Leao,CD,F3,02-Apr-2021,100,22:50,11,173,-3.86985,-32.43695,NA,NA,BRA 27905,BR 67305,NA,NA,NA,NAO,NA,I,NA,NA,NA,NA,NA,NA,NA,NA,22-May-2021,23-May-2021,SU,105,1,4,110,NAO,,50,95.5,GPS 11 - 173 F3 (esmalte retocado)
223,Leao,CD,F17,03-Apr-2021,101,2:56,11,174,-3.86984,-32.43723,NA,NA,BRA 27951,BRA 27949,NA,NA,NA,NAO,NA,I,NA,NA,NA,NA,NA,NA,NA,NA,24-May-2021,24-May-2021,SU,85,0,10,95,SIM - 32 filhotes,32,51,89.5,GPS 11 - 174 - F17 (esmalte retocado).
224,Leao,ML,NA,06-Apr-2021,NA,NA,10,149,-3.87043,-32.43844,NA,NA,NA,NA,NA,NA,NA,NA,NA,NA,NA,NA,NA,NA,NA,NA,NA,NA,NA,NA,NA,NA,NA,NA,NA,NA,,,,GPS 10 - 149 Antes das 20:25.
225,Leao,ML,F2,06-Apr-2021,NA,21:25,10,150,-3.87059,-32.43838,NA,NA,BRA 27902,BR 38662,NA,NA,NA,NAO,NA,NA,NA,NA,NA,NA,NA,NA,NA,NA,NA,NA,NA,NA,NA,NA,NA,NA,,,,GPS 10 -150 F2
226,Leao,ML,F9,06-Apr-2021,NA,21:37,10,151,-3.87022,-32.43702,NA,NA,NA,NA,NA,NA,NA,NA,NA,NA,NA,NA,NA,NA,NA,NA,NA,NA,NA,NA,NA,NA,NA,NA,NA,NA,,,,GPS 10 - 151 F9 ML na beira da agua
227,Leao,SD,F25,06-Apr-2021,NA,0:15,10,153,-3.87006,-32.43790,NA,NA,BRA 27970,BRA 27971,NA,NA,NA,NAO,NA,NA,NA,NA,NA,NA,NA,NA,NA,NA,NA,NA,NA,NA,NA,NA,NA,NA,,,,"GPS 10 - 153 F25. Fez 8 camas desceu 6:10. Arrancou e enterrou a estaca 27, estaca foi encontrada presa a ancora e foi recolocada no lugar."
228,Leao,CD,F9,06-Apr-2021,102,1:00,10,152,-3.87002,-32.43798,NA,NA,BRA 27925,BRA 27931,NA,NA,NA,NAO,NA,I,NA,NA,NA,NA,NA,NA,NA,NA,26-May-2021,27-May-2021,SU,107,0,1,108,NAO,,50,99.1,GPS 10 - 152 F9 (esmalte retocado)
229,Leao,SD,F25,07-Apr-2021,NA,20:07,10,155,-3.87011,-32.43823,NA,NA,BRA 27970,BRA 27971,NA,NA,NA,NAO,NA,NA,NA,NA,NA,NA,NA,NA,NA,NA,NA,NA,NA,NA,NA,NA,NA,NA,,,,GPS 10 - F25
230,Leao,CD,F2,07-Apr-2021,104,20:10,11,175 (I) e 176 (P),-3.87006,-32.43861,NA,NA,BRA 27902,BR 38662,NA,NA,NA,NAO,NA,P,NA,NA,NA,A,123,0,-3.87001,-32.43764,24-May-2021,24-May-21,SU,105,2,15,122,NAO,,47,86.1,GPS 11 -175 (I) E 176 (P) F2 (esmalte retocado).  Transferido por estar em aréa com perigo de inundação pelo segundo rio temporário que se forma com a chuva  (próximo da casinha).  
231,Leao,CD,F15,07-Apr-2021,105,20:50,10,154,-3.87009,-32.43823,NA,NA,BRA 27940,BRA 27941,NA,NA,NA,NAO,NA,I,896718,07-Apr-2021 21:53,28-May-2021 22:48,NA,NA,NA,NA,NA,26-May-2021,28-May-2021,SU,64,1,15,80,SIM - 32 filhotes,32,49,80.0,GPS 10 - 154 - F15 (esmalte retocado). 1 filhote emergiu no dia 26-May-2021 e o restante dos filhotes emergidos no dia 28-May-2021. 2 ovos anômalos grandes.
232,Leao,CD,F25,07-Apr-2021,103,0:10,11,177,-3.86990,-32.43743,NA,NA,BRA 27970,BRA 27971,NA,NA,NA,NAO,NA,I,895561,08-Apr-2021 01:49,28-May-2021 23:01,NA,NA,NA,NA,NA,28-May-2021,28-May-2021,SU,86,2,9,97,SIM - 32 filhotes,32,51,88.7,GPS 11 - 177 F25 (esmalte retocado).
233,Leao,ML,NA,09-Apr-2021,NA,20:06,10,156,-3.86948,-32.43516,NA,NA,NA,NA,NA,NA,NA,NA,NA,NA,NA,NA,NA,NA,NA,NA,NA,NA,NA,NA,NA,NA,NA,NA,NA,NA,,,,"GPS 10 - 156. Ocorrencia antes da chegada na praia, sem avistagem da fêmea."
234,Leao,SD,F26,09-Apr-2021,NA,2:40,10,157,-3.86942,-32.43572,BRA 27972,BRA 27973,NA,NA,NA,NA,NA,NAO,NA,NA,NA,NA,NA,NA,NA,NA,NA,NA,NA,NA,NA,NA,NA,NA,NA,NA,,,,"GPS 10 - 157  F26. Tartaruga entrando na agua, nao houve tempo de fazer outros procedimentos."
235,Leao,ML,NA,10-Apr-2021,NA,NA,10,159,-3.86949,-32.43598,NA,NA,NA,NA,NA,NA,NA,NA,NA,NA,NA,NA,NA,NA,NA,NA,NA,NA,NA,NA,NA,NA,NA,NA,NA,NA,,,,GPS 10 - 159. Antes de 20:05.
236,Leao,CD,F13,10-Apr-2021,106,20:18,11,179,-3.86978,-32.43739,NA,NA,BRA 27915,BRA 27948,NA,NA,NA,NAO,NA,I,NA,NA,NA,NA,NA,NA,NA,NA,30-May-2021,31-May-2021,SU,90,0,21,111,SIM - 32 filhotes,32,50,81.1,GPS 11 - 179 F13 (esmalte retocado).
237,Leao,CD,F23,10-Apr-2021,107,20:18,10,158,-3.86997,-32.43749,NA,NA,BRA 27964,BRA 27965,NA,NA,NA,NAO,NA,I,NA,NA,NA,NA,NA,NA,NA,NA,28-May-2021,29-May-2021,SU,88,4,3,95,SIM - 32 filhotes,32,48,92.6,GPS 10 - 158 F23 (esmalte retocado).
238,Leao,CD,F26,10-Apr-2021,108,21:42,11,180,-3.86952,-32.43659,NA,NA,BRA 27972,BRA 27973,NA,109.6,101.5,SIM,#108 10/04/2021 BRA 27972/ BRA 27973,I,896720,10-Apr-2021 22:40,31-May-2021 00:06,NA,NA,NA,NA,NA,30-May-2021,30-May-2021,SU,96,1,2,99,SIM - 96 filhotes,96,50,97.0,GPS 11 - 180 - F26 (pintada). Foto ID ok - Queloide próximo a nadadeira anterior direita (foto).
239,Leao,ML,NA,10-Apr-2021,NA,NA,10,160,-3.86984,-32.43680,NA,NA,NA,NA,NA,NA,NA,NA,NA,NA,NA,NA,NA,NA,NA,NA,NA,NA,NA,NA,NA,NA,NA,NA,NA,NA,,,,GPS 10 - 160. Entre 2:00 e 3:00.
240,Leao,CD,F24,11-Apr-2021,109,20:08,10,161,-3.86992,-32.43755,NA,NA,BRA 27961,BR 83201,NA,NA,NA,SIM,#109 11/4/21 BRA 27962 BR 83201,I,896722,11-Apr-2021 20:11,02-Jun-2021 05:40,NA,NA,NA,NA,NA,01-Jun-2021,01-Jun-2021,SU,58,1,37,96,SIM - 58 filhotes,58,51,60.4,GPS 10 - 161 F24 (esmalte retocado).
241,Leao,CD,F19,13-Apr-2021,110,20:12,10,162,-3.86995,-32.43771,NA,NA,BRA 27936,BRA 06201,NA,NA,NA,NAO,NA,I,896701,13-Apr-2021 21:11,03-Jun-2021 22:00,NA,NA,NA,NA,NA,03-Jun-2021,03-Jun-2021,SU,80,4,3,87,SIM - 33 filhotes,33,51,92.0,GPS 10 - 162 F19 (esmalte retocado). Foi amostrado 32 filhotes vivos e 1 natimorto que estava em boas condições para ser amostrado.
242,Leao,CD,F25,18-Apr-2021,111,20:09,11,185,-3.86997,-32.43756,NA,NA,BRA 27970,BRA 27971,NA,NA,NA,NAO,NA,I,896717,18-Apr-2021 21:40,08-Jun-2021 02:38,NA,NA,NA,NA,NA,07-Jun-2021,07-Jun-2021,SU,110,5,2,117,SIM - 32 filhotes,32,50,94.0,GPS 11 - 185 F25 (esmalte retocado).
243,Leao,CD,F2,18-Apr-2021,112,20:09,11,186,-3.87007,-32.43793,NA,NA,BRA 27902,BR 38662,NA,NA,NA,NAO,NA,I,NA,NA,NA,NA,NA,NA,NA,NA,08-Jun-2021,09-Jun-2021,SU,90,6,7,103,SIM - 32 filhotes,32,51,87.4,"GPS 11 - 186 F2 9esmalte retocado). Tirou parcialmente a tela do ninho 58, tela recolocada."
244,Leao,ML,F9,18-Apr-2021,NA,20:13,10,163,-3.87028,-32.43915,NA,NA,BRA 27925,BRA 27931,NA,NA,NA,NA,NA,NA,NA,NA,NA,NA,NA,NA,NA,NA,NA,NA,NA,NA,NA,NA,NA,NA,,,,GPS 10 - 163 F9.
245,Leao,ML,NA,18-Apr-2021,NA,NA,10,164,-3.87019,-32.43908,NA,NA,NA,NA,NA,NA,NA,NA,NA,NA,NA,NA,NA,NA,NA,NA,NA,NA,NA,NA,NA,NA,NA,NA,NA,NA,,,,GPS 10 - 164. Entre 22:40 e 00:00.
246,Leao,CD,F9,18-Apr-2021,113,2:45,11,189 (I) e 188 (P) ,-3.87003,-32.43832,NA,NA,BRA 27925,BRA 27931,NA,NA,NA,NAO,NA,P,NA,NA,NA,A,122,0,-3.87002,-32.43781,07-Jun-2021,07-Jun-2021,SU,104,5,5,114,SIM - 32 filhotes,32,50,91.2,"GPS 11 - 189 (I) e 188 (P) F9 (esmalte retocado).  Transferido por estar em aréa com perigo de inundação, desovou no riozinho temporário que se forma com a chuva, próximo a casinha. Devido a diferença econtrada no número de ovos transferidos e da abertura, foi feita a recontagem para confirmar. Havia muitas cascas despedaçadas o que pode ter influenciado a diferença."
247,Leao,CD,F15,20-Apr-2021,114,20:17,11,190,-3.86964,-32.43705,NA,NA,BRA 27940,BRA 27941,NA,NA,NA,NAO,NA,I,896699,20-Apr-2021 21:10,11-Jun-2021 23:12,NA,NA,NA,NA,NA,11-Jun-2021,11-Jun-2021,SU,63,5,25,93,SIM - 32 filhotes,32,52,67.7,GPS 11 - 190 F15 (esmalte retocado).
248,Leao,CD,F26,21-Apr-2021,115,0:26,11,191,-3.86968,-32.43678,NA,NA,BRA 27972,BRA 27973,NA,NA,NA,SIM,#115 21/4/21 BRA 27972/ BRA 27973,I,896694,22-Apr-2021 01:33,13-Jun-2021 19:12,NA,NA,NA,NA,NA,12-Jun-2021,13-Jun-2021,SU,93,2,2,97,SIM - 32 filhotes,32,52,95.9,GPS 11 - 191 F26 (esmalte retocado).
249,Leao,ML,NA,23-Apr-2021,NA,NA,11,192,-3.86991,-32.43652,NA,NA,NA,NA,NA,NA,NA,NA,NA,NA,NA,NA,NA,NA,NA,NA,NA,NA,NA,NA,NA,NA,NA,NA,NA,NA,,,,GPS 11 - 192. Antes das 20:12 (antes da primeira ronda).
250,Leao,ML,NA,24-Apr-2021,NA,NA,10,166,-3.86976,-32.43619,NA,NA,NA,NA,NA,NA,NA,NA,NA,NA,NA,NA,NA,NA,NA,NA,NA,NA,NA,NA,NA,NA,NA,NA,NA,NA,,,,GPS 10 - 166 Antes de 20:02.
251,Leao,CD,F24,24-Apr-2021,116,20:08,10,165,-3.86998,-32.43776,NA,NA,BRA 27961,BR 83201,NA,NA,NA,NAO,NA,I,NA,NA,NA,NA,NA,NA,NA,NA,13-Jun-2021,13-Jun-2021,SU,51,1,43,95,SIM - 27 filhotes ,27,50,53.7,GPS 10 - 165 F24 (esmalte retocado).
252,Leao,ML,F25,28-Apr-2021,NA,22:40,11,193,-3.87050,-32.43782,NA,NA,BRA 27970,BRA 27971,NA,NA,NA,NAO,NA,NA,NA,NA,NA,NA,NA,NA,NA,NA,NA,NA,NA,NA,NA,NA,NA,NA,,,,GPS 11 - 193 F25.
253,Leao,SD,F25,29-Apr-2021,NA,20:15,10,167,-3.87005,-32.43798,NA,NA,NA,NA,NA,NA,NA,NAO,NA,NA,NA,NA,NA,NA,NA,NA,NA,NA,NA,NA,NA,NA,NA,NA,NA,NA,,,,"GPS 10 - 167 F25 marcas não conferidas. Derrubou e enterrou a estaca 102, estaca estava presa na ancôra e foi recolocada no lugar.   "
254,Leao,SD,F25,29-Apr-2021,NA,22:45,10,168,-3.87004,-32.43830,NA,NA,BRA 27970,BRA 27971,NA,NA,NA,NAO,NA,NA,NA,NA,NA,NA,NA,NA,NA,NA,NA,NA,NA,NA,NA,NA,NA,NA,,,,GPS 10 - 168 F25.
255,Leao,ML,F25,30-Apr-2021,NA,NA,10,170,-3.87011,-32.43813,NA,NA,NA,NA,NA,NA,NA,NAO,NA,NA,NA,NA,NA,NA,NA,NA,NA,NA,NA,NA,NA,NA,NA,NA,NA,NA,,,,GPS10 - 170. Antes da primeira ronda 20:27.
256,Leao,CD,F25,30-Apr-2021,117,20:27,10,169,-3.87021,-32.43827,NA,NA,BRA 27970,BRA 27971,NA,NA,NA,NAO,NA,I,NA,NA,NA,NA,NA,NA,NA,NA,22-Jun-2021,30-Jun-2021,SU,85,1,3,89,NAO,,53,95.5,GPS 10 - 169 - F25 (esmalte retocado). Aberto pelo TAMAR.
257,Leao,CD,F27,01-May-2021,118,20:18,11,194,-3.87012,-32.43810,BRA 27974,BRA 27975,NA,NA,NA,110.2,100.6,SIM,#118 01/05/21 BRA 27974/ BRA 27975,I,NA,NA,NA,NA,NA,NA,NA,NA,22-Jun-2021,30-Jun-2021,SU,71,0,9,80,NAO,,52,88.8,GPS 11 - 194 - F27 (pintada). Aberto pelo TAMAR.
258,Leao,CD,F26,01-May-2021,119,20:20,11,195,-3.86997,-32.43775,NA,NA,BRA 27972,BRA 27973,NA,NA,NA,NAO,NA,I,NA,NA,NA,NA,NA,NA,NA,NA,23-Jun-2021,10-Jul-2021,SU,98,3,12,112,NAO,,53,87.5,GPS 11 - 195 F26. Aberto pelo TAMAR.
259,Leao,ML,NA,05-May-2021,NA,NA,10,171,-3.86946,-32.43512,NA,NA,NA,NA,NA,NA,NA,NA,NA,NA,NA,NA,NA,NA,NA,NA,NA,NA,NA,NA,NA,NA,NA,NA,NA,NA,,,,GPS 10 - 171. Entre 1:50 e 3:40. 
260,Leao,ML,NA,06-May-2021,NA,NA,10,172,-3.87016,-32.43734,NA,NA,NA,NA,NA,NA,NA,NA,NA,NA,NA,NA,NA,NA,NA,NA,NA,NA,NA,NA,NA,NA,NA,NA,NA,NA,,,,GPS 10 - 172. Antes das 20:10.
261,Leao,CD,F24,06-May-2021,120,20:10,10,173,-3.86965,-32.43695,NA,NA,BRA 27961,BR 83201,NA,NA,NA,NAO,NA,I,NA,NA,NA,NA,NA,NA,NA,NA,29-Jun-2021,10-Jul-2021,SU,104,0,3,107,NAO,,54,97.2,"GPS 10 - 173. F24 (esmalte retocado). Derrubou a estaca e retirou a tela do ninho 81, ambas foram recolocada no lugar. "
262,Leao,ML,NA,12-May-2021,NA,NA,10,174,-3.86949,-32.43546,NA,NA,NA,NA,NA,NA,NA,NAO,NA,NA,NA,NA,NA,NA,NA,NA,NA,NA,NA,NA,NA,NA,NA,NA,NA,NA,,,,GPS 10 - 174. Antes das 20:14.
263,Leao,CD,F28,12-May-2021,121,21:30,10,175,-3.86941,-32.43554,BRA 27966,BRA 27967,NA,NA,NA,114.3,107.2,SIM,#121 12/05/21 BRA 27966/ BRA 27967,I,NA,NA,NA,NA,NA,NA,NA,NA,NA,4-Jul-21,SU,2,75,3,80,NAO,,,,"GPS 10 - 175 F28 (pintada). Foto ID ok. Temporariamente marcado com estaca 64. Aberto pelo TAMAR. Ninho com muitas raízes, os filhotes não conseguiram sair."
264,Leao,ML,NA,12-May-2021,NA,NA,10,176,-3.86992,-32.43704,NA,NA,NA,NA,NA,NA,NA,NA,NA,NA,NA,NA,NA,NA,NA,NA,NA,NA,NA,NA,NA,NA,NA,NA,NA,NA,,,,GPS 10 - 176. Entre 21:50 e 23:00.
265,Leao,ML,NA,12-May-2021,NA,NA,10,177,-3.87035,-32.43862,NA,NA,NA,NA,NA,NA,NA,NA,NA,NA,NA,NA,NA,NA,NA,NA,NA,NA,NA,NA,NA,NA,NA,NA,NA,NA,,,,GPS 10 - 177. Entre 21:50 e 23:00.
266,Leao,ML,NA,13-May-2021,NA,NA,11,198,-3.86948,-32.43517,NA,NA,NA,NA,NA,NA,NA,NA,NA,NA,NA,NA,NA,NA,NA,NA,NA,NA,NA,NA,NA,NA,NA,NA,NA,NA,,,,GPS 11 - 198. Antes das 20:09.
267,Leao,CD,F26,13-May-2021,122,20:15,11,197,-3.87002,-32.43798,NA,NA,BRA 27972,BRA 27973,NA,NA,NA,NAO,NA,I,NA,NA,NA,NA,NA,NA,NA,NA,3-Jul-2021,11-Jul-2021,SU,77,3,8,88,NAO,,51,87.5,GPS 11 - 197 F26 (esmalte retocado). Aberto pelo TAMAR.
268,Leao,CD,F27,13-May-2021,123,20:15,11,196,-3.87009,-32.43790,NA,NA,BRA 27974,BRA 27975,NA,NA,NA,SIM,#123 13/05/21 BRA 27974/ BRA 27975,I,NA,NA,NA,NA,NA,NA,NA,NA,3-Jul-2021,11-Jul-2021,SU,68,0,23,91,NAO,,51,74.7,GPS 11 - 196 F27 (esmalte retocado). Marca BRA 27974 na axila esquerda e BRA 27975 na axila direita. Aberto pelo TAMAR.
269,Leao,ML,NA,13-May-2021,NA,NA,11,199,-3.86995,-32.43903,NA,NA,NA,NA,NA,NA,NA,NA,NA,NA,NA,NA,NA,NA,NA,NA,NA,NA,NA,NA,NA,NA,NA,NA,NA,NA,,,,GPS 11 - 199. Antes das 20:16.
270,Leao,ML,NA,17-May-2021,NA,NA,11,ML17-5-21,-3.86946,-32.43519,NA,NA,NA,NA,NA,NA,NA,NA,NA,NA,NA,NA,NA,NA,NA,NA,NA,NA,NA,NA,NA,NA,NA,NA,NA,NA,,,,GPS 11 - ML17-5-21. Entre 1:30 e 3:00.
271,Leao,ML,NA,18-May-2021,NA,NA,11,201,-3.86946,-32.43523,NA,NA,NA,NA,NA,NA,NA,NA,NA,NA,NA,NA,NA,NA,NA,NA,NA,NA,NA,NA,NA,NA,NA,NA,NA,NA,,,,GPS 11 - 201. Entre 22:50 e 00:10.
272,Leao,SD,F24,19-May-2021,NA,20:05,11,202,-3.86979,-32.43710,NA,NA,BRA 27961,BR 83201,NA,NA,NA,NAO,NA,NA,NA,NA,NA,NA,NA,NA,NA,NA,NA,NA,NA,NA,NA,NA,NA,NA,,,,GPS 11 - 202 F24.
273,Leao,ML,NA,20-May-2021,NA,NA,10,179,-3.86979,-32.43631,NA,NA,NA,NA,NA,NA,NA,NA,NA,NA,NA,NA,NA,NA,NA,NA,NA,NA,NA,NA,NA,NA,NA,NA,NA,NA,,,,GPS 10 - 179. 
274,Leao,CD,F24,20-May-2021,124,21:25,10,178,-3.86998,-32.43766,NA,NA,BRA 27961,BR 83201,NA,NA,NA,NAO,NA,I,NA,NA,NA,NA,NA,NA,NA,NA,NA,28-Jul-2021,SU,69,5,28,102,NAO,,,,GPS 10 - 178 F24 (esmalte retocado). Foi observado que o ninho havia eclodido no monitorameto dia 18-Jul-2021 pelo TAMAR. Aberto pelo TAMAR.
275,Leao,CD,F28,23-May-2021,125,0:10,10,180,-3.86992,-32.43732,NA,NA,BRA 27966,BRA 27967,NA,NA,NA,SIM,#125 23/5/21 BRA 27966/ BRA 27967,I,NA,NA,NA,NA,NA,NA,NA,NA,NA,29-Jul-2021,SU,77,3,24,104,NAO,,,,GPS 10 - 180 F28. Foi observado que o ninho havia eclodido no monitorameto dia 18-Jul-2021 pelo TAMAR. Aberto pelo TAMAR.
276,Leao,CD,F26,23-May-2021,126,3:00,10,181,-3.86977,-32.43764,NA,NA,BRA 27972,BRA 27973,NA,NA,NA,NAO,NA,I,NA,NA,NA,NA,NA,NA,NA,NA,NA,1-Aug-21,SU,73,4,1,78,NAO,,,,GPS 10 - 181 F26. Aberto pelo TAMAR.
277,Leao,CD,F27,24-May-2021,127,20:15,10,182,-3.86983,-32.43718,NA,NA,BRA 27974,BRA 27975,NA,NA,NA,NAO,NA,I,NA,NA,NA,NA,NA,NA,NA,NA,NA,1-Aug-21,SU,53,0,64,117,NAO,,,,GPS 10 - 182 F27. Aberto pelo TAMAR.
278,Leao,CD,F28,04-Jun-2021,128,20:10,11,205,-3.86999,-32.43778,NA,NA,BRA 27966,BRA 27967,NA,NA,NA,NAO,NA,I,NA,NA,NA,NA,NA,NA,NA,NA,NA,10-Aug-21,SU,68,2,31,101,NAO,,,,GPS 11 - 205 F28 (esmalte retocado).
