N_NINHO,N_REGISTRO,PRAIA,TURTLE ID,DATA_OCORR,TIPO_REG,HORA_OCORR,GPS_ID,WAYPOINT,LATITUDE,LONGITUDE,MARCAS_COL1,MARCAS_COL2,MARCAS_ENC1,MARCAS_ENC2,MARCAS_RET,COMP_CASCO,LARG_CASCO,COLETA_MAT_FEMEAS,VIAL _N,SITUACAO,TEMP_LOGGER_ID,TEMP_LOGGER_DEPLOYED,TEMP_LOGGER_REMOVED,TEMP_TRANSF,OVOS_TRANSF,OVOS_FUR,LATITUDE_DESTINO,LONGITUDE_DESTINO,DATA_ECLOS,DATA_ABERT,HIST_NINHO,VIVOS,NATIMORTOS,OVOS_N_ECL,OVOS_TOT,COLETA_MAT_Filhotes,Filhotes amostrados,INCUBACAO,Hatching success,OBSERVACAO
3,6,Leao,NA,29-Dec-20,CD,NA,11,6,-3.86932,-32.43627,NA,NA,NA,NA,NA,NA,NA,NA,NA,I,NA,NA,NA,NA,NA,NA,NA,NA,16-Feb-21,17-Feb-21,SU,53,7,45,105,NAO,,49,50.5,GPS 11 - 6.
4,8,Leao,NA,3-Jan-21,CD,NA,11,8,-3.86946,-32.43654,NA,NA,NA,NA,NA,NA,NA,NA,NA,I,NA,NA,NA,NA,NA,NA,NA,NA,19-Feb-21,19-Feb-21,SU,50,3,17,68,SIM - 48 filhotes,48,47,73.5,GPS 11 - 8. Fêmea desconhecida (não flagrada). 1 ovo anômalo. 2 filhotes morreram após a abertura do ninho. Ninho coletado para teste. 
5,12,Leao,F1,15-Jan-21,CD,19:50,11,36,-3.86957,-32.43716,NA,NA,BR 83209,BRA 21740,NA,105,97,SIM,#5-15/01/21 BR 83209/ BRA 21740,I,896711,1/15/2021 22:21,3/4/2021 00:59,NA,NA,NA,NA,NA,2-Mar-21,3-Mar-21,SU,32,6,72,110,SIM - 32 filhotes,32,46,29.1,"GPS 11 - 036 - F1. Foto ID ok. Na noite do dia 2-Mar-21 foi encontrado um único filhote às 3:30; liberado ao mar. No dia 3-Mar-21, três filhotes emergiram às 00:59 e os demais vivos que estavam próximo a superficie foram coletados para amostragem.  "
6,13,Leao,F2,16-Jan-21,CD,20:30,10,52,-3.87003,-32.43782,BRA 27902,NA,BR 38662,NA,NA,119.5,113,SIM,#6- 16/01/21 BRA 27902/ BR 38662,I,895562,1/16/2021 21:12,3/7/2021 21:15,NA,NA,NA,NA,NA,5-Mar-21,7-Mar-21,SU,66,23,14,103,SIM - 66 filhotes,66,48,64.1,"GPS 10 - 052 - F2. Foto ID ok. 2 filhotes emergidos e coletados no dia 5-Mar-21, 42 filhotes emergidos dia 7-Mar-21 e 22 filhotes retidos.  "
7,14,Leao,NA,17-Jan-21,CD,NA,11,NEST 7,-3.86951,-32.43615,NA,NA,NA,NA,NA,NA,NA,NA,NA,I,NA,NA,NA,NA,NA,NA,NA,NA,8-Mar-21,9-Mar-21,SU,57,5,44,106,NA,,50,53.8,GPS 11 - NEST 7. Ocorrência após às 3:10. 1 ovo anomalo  pequeno e 1 filhote encontrado morto na vegetacao (seco). Ninho com muitas raizes que envolviam a parte exterior dos ovos nao eclodidos
8,16,Leao,F3,22-Jan-21,CD,21:30,11,38,-3.86967,-32.43651,NA,NA,BR 67305,BRA 27905,NA,106,104,SIM,#8-22/01/21 BR 67305/ BRA 27905,I,896725,1/22/2021 23:06,3/12/2021 20:38,NA,NA,NA,NA,NA,12-Mar-21,12-Mar-21,SU,48,17,21,86,SIM - 47 filhotes,47,49,55.8,GPS 11 - 038 - F3. Foto ID ok. Marca BR 67305 na nadadeira posterior esquerda e BRA 27905 na nadadeira anterior esquerda.  
9,18,Leao,F4,25-Jan-21,CD,22:40,11,39,-3.86998,-32.43784,BRA 27908,BRA 27909,NA,NA,NA,108.5,95.5,SIM,#9-25/01/21 BRA 27908/ BRA 27909,I,880878,1/25/2021 22:58,3/15/2021 23:05,NA,NA,NA,NA,NA,13-Mar-21,15-Mar-21,SU,44,1,3,48,SIM - 43 filhotes,43,47,91.7,"GPS 11 - 039 - F4. Foto ID ok. 1 filhote emergido e coletado dia 13-Mar-21, 41 filhotes emergidos e coletados dia 15-Mar-21 e 1 filhote retido e coletado dia 15-Mar-21.  "
10,19,Leao,F5,26-Jan-21,CD,20:23,10,54,-3.86984,-32.43725,NA,NA,BRA 27906,BRA 27907,NA,110,101.5,SIM,#10- 25/01/21- BRA 27907/ BRA 27906,I,896705,1/26/2021 20:23,3/16/2021 20:58,NA,NA,NA,NA,NA,15-Mar-21,16-Mar-21,SU,24,4,44,72,NAO,,48,33.3,"GPS 10 - 054 - F5. Foto ID ok. No dia 10-Mar-21 foi procurado o ninho para ser telado e os ovos nao foram encontrados. Tiny Tag foi encontrado bem na superficie e ficou fora das 00:13 as 1:15. Durante a abertura do ninho foi encontrado um outro ninho bem proximo, provavelmente o ninho 42. O tiny tag nao estava dentro do ninho."
11,20,Leao,F6,26-Jan-21,CD,20:16,10,55,-3.86971,-32.43679,BRA 27903,BRA 27904,NA,NA,BRA 06140,108,103.8,SIM,#11 - 26/01/21 - BRA 27903/ BRA 27904,I,881571,1/26/2021 21:49,3/16/2021 02:10,NA,NA,NA,NA,NA,15-Mar-21,15-Mar-21,SU,76,4,21,101,SIM - 76 fihotes,76,48,75.2,GPS 10 - 055 - F6. Foto ID ok. Marca BRA 27903 colocada entre a segunda e terceira escama da nadadeira esquerda e marca BRA 27904 colocada na axila da nadadeira direita.
12,24,Leao,F1,28-Jan-21,CD,19:50,11,NEST 12,-3.86978,-32.43731,NA,NA,BRA 21740,BR 83209,NA,104,96.5,NAO,NA,I,896702,1/28/2021 21:19,3/20/2021 22:41,NA,NA,NA,NA,NA,18-Mar-21,20-Mar-21,SU,104,4,10,118,NAO,,49,88.1,GPS 11 - 043 - F1.
13,27,Leao,F2,29-Jan-21,CD,20:05,10,58,-3.8699,-32.43738,NA,NA,BRA 38662,BRA 27902,NA,NA,NA,NAO,NA,I,896721,1/29/2021 21:15,3/19/2021 21:13,NA,NA,NA,NA,NA,18-Mar-21,19-Mar-21,SU,107,4,7,118,NAO,,48,90.7,GPS 10 - 058 - F2.
14,28,Leao,F7,29-Jan-21,CD,19:59,10,59,-3.86948,-32.43653,BRA 27917,BRA 27918,NA,NA,NA,103.4,96.96,SIM,#14- 29/01/21- BRA 27917/ BRA 27918,I,896718,1/29/2021 21:29,3/20/2021 21:05,NA,NA,NA,NA,NA,19-Mar-21,20-Mar-21,SU,91,0,3,94,SIM -  91 filhotes,91,49,96.8,"GPS 10 - 059 - F7 - Foto ID ok. 2 ovos anômalos. 83 filhotes emergidos dia 19-Mar-21, 1 filhote emergido dia 20-Mar-21 e 7 retidos. "
15,30,Leao,F8,1-Feb-21,CD,20:18,10,60,-3.86977,-32.43766,BRA 27901,BRA 27927,NA,NA,NA,105.2,99,SIM,#15- 01/02/21-BRA 27901/ BRA 27927,I,NA,NA,NA,NA,NA,NA,NA,NA,22-Mar-21,23-Mar-21,SU,51,9,4,64,SIM - 52 filhotes,52,49,79.7,"GPS 10 - 060 - F8. Sem Tiny Tag pois a tartaruga foi flagrada no final da desova, foi colocao uma planta na direcao da cloaca."
16,37,Leao,F9,6-Feb-21,CD,00:15,10,65,-3.86943,-32.43567,NA,NA,BRA 27931,BRA 27925,NA,110.6,97.5,SIM,#16- 06/02/21- BRA 27925/ BRA 27931,I,896720,2/7/2021 01:06,3/28/2021 00:20,NA,NA,NA,NA,NA,26-Mar-21,27-Mar-21,SU,87,2,4,93,SIM - 32 filhotes,32,48,93.5,GPS 10 - 065 - F9. 1 ovo anômalo pequeno. 
17,40,Leao,F11,6-Feb-21,CD,01:37,10,66,-3.87001,-32.43802,NA,NA,BRA 27923,BRA 27924,NA,103.5,98.7,SIM,#17- 06/02/21- BRA 27923/ BRA 27924,I,895561,2/7/2021 03:42,3/27/2021 22:05,NA,NA,NA,NA,NA,26-Mar-21,27-Mar-21,SU,70,2,23,95,SIM - 32 filhotes,32,48,73.7,GPS 10 - 066 - F11.
18,42,Leao,F10,7-Feb-21,CD,21:37,10,67,-3.86997,-32.4376,NA,NA,BRA 77094,BRA 06231,NA,118.5,108.2,SIM,#18-07/02/21- BRA 06231/ BR 77094,I,896717,2/7/2021 22:29,3/27/2021 22:40,NA,NA,NA,NA,NA,25-Mar-21,27-Mar-21,SU,71,5,39,115,SIM - 34 filhotes ,34,46,61.7,GPS 10 - 067 - F10. 18 filhotes emergidos dia 25-Mar-2021 e o restante dos filhotes emergidos dia 26-Mar-21.
19,44,Leao,F4,7-Feb-21,CD,01:20,11,65,-3.87,-32.43803,NA,NA,BRA 27908,BRA 27909,NA,108.5,95,SIM,#19 - 07/02/21 - BRA 27908/ BRA 27909,I,896699,2/8/2021 02:32,3/30/2021 21:49,NA,NA,NA,NA,NA,29-Mar-21,30-Mar-21,SU,73,0,6,79,NAO,,50,92.4,GPS 11 - 065 - F4. 1 ovo anomalo pequeno.
20,45,Leao,F5,7-Feb-21,CD,02:59,10,68,-3.86984,-32.43713,NA,NA,BRA 27906,BRA 27907,NA,NA,NA,NAO,NA,I,NA,NA,NA,NA,NA,NA,NA,NA,24-Mar-21,26-Mar-21,SU,77,8,9,94,SIM - 34 filhotes ,34,45,81.9,"GPS 10 - 068 - F5. 2 filhotes emergidos dia 24-Mar-21 (não amostrado), 2 filhotes emergidos 25-Mar-21 e o restante dos filhotes emergidos dia 26-Mar-21."
21,46,Leao,F12,8-Feb-21,CD,03:00,11,66,-3.87004,-32.438,BRA 27932,BRA 27934,NA,NA,NA,103,93.2,SIM,#21 - 08/02/21 - BRA 27932/ BRA 27934,I,881575,2/9/2021 04:13,3/31/2021 00:20,NA,NA,NA,NA,NA,26-Mar-21,30-Mar-21,SU,72,23,8,103,SIM - 58 filhotes,58,46,69.9,"GPS 11 - 066 - F12. 1 filhote emergido dia 26-Mar-2021, 2 filhotes emergidos 26-Mar por volta das 11:00 da manhã (um guarda parque da Econoronha avisou que havia filhotes no ninho), 35 filhotes emergidos dia 29-Mar-2021 e 20 retidos.  "
22,52,Leao,F1,10-Feb-21,CD,20:10,10,70,-3.8696,-32.43648,NA,NA,BR 83209,BRA 21740,NA,NA,NA,NAO,NA,I,896722,2/10/2021 21:03,4/2/2021 20:50,NA,NA,NA,NA,NA,1-Apr-21,2-Apr-21,SU,84,31,12,127,SIM - 32 filhotes,32,50,66.1,GPS 10 - 070 - F1.
23,53,Leao,F6,10-Feb-21,CD,20:20,11,72 (I) e 73 (P),-3.87029,-32.43887,NA,NA,BRA 27903,BRA 27904,NA,NA,NA,NAO,NA,P,NA,NA,NA,NA,91,0,-3.87001,-32.438,3-Apr-21,4-Apr-21,SU,67,2,21,90,NAO,,52,74.4,GPS 11 - 072 (I) e 073 (P) - F6. 3 ovos anômalos. Transferido por estar em aréa com perigo de inundação. Desovou na porção final da praia. 
24,55,Leao,F2,11-Feb-21,CD,20:20,10,72,-3.8698,-32.43704,NA,NA,BRA 27902,BR 38662,NA,NA,NA,SIM,#24-11/02/21- BRA 27902/ BR 38662,I,896694,2/11/2021 21:15,4/2/2021 23:19,NA,NA,NA,NA,NA,1-Apr-21,2-Apr-21,SU,75,31,10,116,SIM - 32 filhotes,32,49,64.7,GPS 10 - 072 - F2.
25,58,Leao,F7,11-Feb-21,CD,03:04,10,74,-3.86953,-32.43636,NA,NA,BRA 27917,BRA 27918,NA,NA,NA,SIM,#25- 11/02/21- BRA 27917/ BRA 27918,I,896701,2/12/2021 04:17, 10-Apr-2021 01:01,NA,NA,NA,NA,NA,NA,9-Apr-21,SU,88,0,10,98,NAO,,,,GPS 10 - 074 - F7.
26,61,Leao,F3,16-Feb-21,CD,20:23,10,77,-3.87011,-32.43732,NA,NA,BRA 27905,BR 67305,NA,NA,NA,NAO,NA,I,896712,2/16/2021 22:42,4/10/2021 02:17,NA,NA,NA,NA,NA,NA,9-Apr-21,SU,95,0,5,100,NAO,,,,GPS 10 - 077 - F3 (esmalte retocado).
27,62,Leao,F15,16-Feb-21,CD,23:53,11,75 (I) e 76 (P),-3.87026,-32.43882,BRA 27940,BRA 27941,NA,NA,NA,101.2,94.1,SIM,16/02/21- BRA 27940/BRA 27941,P,NA,NA,NA,A,76,0,-3.87006,-32.43785,9-Apr-21,10-Apr-21,SU,36,0,28,64,NAO,,52,56.3,GPS 11 - 075 (I) e 076 (P) - F15. Marca BRA 27941 colocada na axila nad direita. Transferido por estar em aréa com perigo de inundação pelo segundo rio temporário que se forma com a chuva.  
28,69,Leao,F5,18-Feb-21,CD,20:09,10,78,-3.86971,-32.43707,NA,NA,BRA 27906,BRA 27907,NA,NA,NA,NAO,NA,I,896691,2/18/2021 21:25,4/10/2021 00:55,NA,NA,NA,NA,NA,9-Apr-21,9-Apr-21,SU,92,1,10,103,SIM - 92 filhotes,92,50,89.3,GPS 10 - 078 - F5 (esmalte retocado).
29,72,Leao,F9,18-Feb-21,CD,22:52,10,81,-3.8698,-32.43716,NA,NA,BRA 27925,BRA 27931,NA,NA,NA,SIM,#29-18/02/21- BRA 27925/BRA 27931,I,NA,NA,NA,NA,NA,NA,NA,NA,10-Apr-21,11-Apr-21,SU,94,3,3,100,NAO,,51,94,GPS 10 - 081 - F9 (esmalte retocado).
30,74,Leao,F14,19-Feb-21,CD,20:50,11,86,-3.869465,-32.435553,NA,NA,BRA 27937,BRA 27938,NA,110.5,104.5,SIM,#30-19/02/21 - BRA 27937/BRA 27938,I,NA,NA,NA,NA,NA,NA,NA,NA,10-Apr-21,10-Apr-21,SU,81,2,30,113,SIM - 55 filhotes,55,50,71.7,GPS 11 - 086 - F14. Foto ID ok
31,75,Leao,F10,19-Feb-21,CD,20:55,10,83,-3.86987,-32.43769,NA,NA,BR 77094,BRA 06231,NA,NA,NA,SIM,#31-19/02/21 - BR 77094/BRA 06231,I,NA,NA,NA,NA,NA,NA,NA,NA,11-Apr-21,12-Apr-21,SU,67,4,53,124,NAO,,51,54,GPS 10 - 083 - F10 - Esmalte retocado. BR 77094 nadadeira posterior direita
32,76,Leao,F16,19-Feb-21,CD,20:56,11,85,-3.870128,-32.438063,NA,NA,BRA 27942,BRA 27943,NA,106.8,100,SIM,#32-19/02/21 - BRA 27942/BRA 27943,I,NA,NA,NA,NA,NA,NA,NA,NA,11-Apr-21,NA,NA,NA,NA,NA,NA,NAO,,,,"GPS 11 - 085 - F16 - Pintada. Estaca perdida, o ninho não foi encontrado para abertura. "
33,77,Leao,F17,19-Feb-21,CD,22:22,11,87 (I) e 88 (P),-3.87022,-32.43863,BRA 27949,BRA 27951,NA,NA,NA,102.5,96.5,SIM,#33-19/02/21 - BRA 27949/ BRA 27951,P,NA,NA,NA,A,103,0,-3.87009,-32.43806,11-Apr-21,12-Apr-21,SU,49,6,48,103,NAO,,51,47.6,GPS 11 - 087 e 088 (destino) - F17 - Pintada. Grande cicatriz na nadadeira posterior esquerda (foto). Foto ID ok. Transferido por estar em aréa com perigo de inundação pelo segundo rio temporário que se forma com a chuva (próximo da casinha).  
34,78,Leao,F4,19-Feb-21,CD,21:50,11,89,-3.86999,-32.43799,NA,NA,BRA 27908,BRA 27909,NA,NA,NA,NAO,NA,I,NA,NA,NA,NA,NA,NA,NA,NA,9-Apr-21,12-Apr-21,SU,64,0,3,67,SIM - 34 filhotes ,34,49,95.5,"GPS 11 - 089 - F4 (esmalte retocado). Derrubou e enterrou a estaca 23, estaca recolocada no lugar. 1 ovo anômalo pequeno. 1 filhote emergido dia 09-Apr-2021, 1 filhote emergido dia 10-Apr-2021 e os demais emergidos dia 12-Apr-2021. "
35,79,Leao,F12,20-Feb-21,CD,00:15,11,90,-3.86956,-32.43612,NA,NA,BRA 27932,BRA 27934,NA,NA,NA,SIM,#35-20/02/21- BRA 27932/BRA 27934,I,NA,NA,NA,NA,NA,NA,NA,NA,10-Apr-21,11-Apr-21,SU,81,3,10,94,NAO,,49,86.2,GPS 11- 090 Esmalte retocado (F12) ninho marcado com uma salsa enrolada na estaca)
36,80,Leao,F11,20-Feb-21,CD,02:07,10,84,-3.86993,-32.43755,NA,NA,BRA 27923,BRA 27924,NA,NA,NA,SIM,#36-20/02/21- BRA 27923/BRA 27924,I,NA,NA,NA,NA,NA,NA,NA,NA,NA,14-Apr-21,SU,90,0,16,106,NAO,,,,GPS 10- 084 - Esmalte retocado (F11)
37,81,Leao,F13,21-Feb-21,CD,21:23,10,85,-3.87009,-32.43809,BRA 27948,NA,BRA 27915,NA,NA,107.7,103,SIM,#37-21/02/2021 - BRA 27915/BRA 27948,I,NA,NA,NA,NA,NA,NA,NA,NA,13-Apr-21,14-Apr-21,SU,55,4,38,97,SIM - 51 filhotes,51,51,56.7,GPS 10 - 085 - F13. Cicatriz na nadadeira posterior direita (foto). Parte acima do olho direito solto.
38,85,Leao,F6,21-Feb-21,CD,01:54,10,88,-3.87002,-32.43798,NA,NA,BRA 27903,BRA 27904,NA,NA,NA,SIM,#38-21/02/21 - BRA 27903/BRA 27904,I,NA,NA,NA,NA,NA,NA,NA,NA,16-Apr-21,16-Apr-21,SU,33,5,54,92,SIM - 32 filhotes,32,54,35.9,GPS 10 - 088 - F6 (pintura retocada no casco). Ninho com muitas raizes. 1 ovo anômalo pequeno. 
39,88,Leao,F1,22-Feb-21,CD,21:27,10,89,-3.86985,-32.43735,NA,NA,BRA 21740,BR 83209,NA,NA,NA,NAO,NA,I,NA,NA,NA,NA,NA,NA,NA,NA,14-Apr-21,15-Apr-21,SU,99,19,12,130,NAO,,51,76.2,GPS 10 - 089 - F1 (esmalte retocado).
40,89,Leao,F2,22-Feb-21,CD,01:35,11,94,-3.86974,-32.43667,NA,NA,BRA 27902,BR 38662,NA,NA,NA,NAO,NA,I,NA,NA,NA,NA,NA,NA,NA,NA,14-Apr-21,15-Apr-21,SU,110,0,4,114,NAO,,51,96.5,GPS 11-094 F2(esmalte retocado)
41,90,Leao,F7,22-Feb-21,CD,03:15,11,95,-3.86963,-32.43628,NA,NA,BRA 27917,BRA 27918,NA,NA,NA,SIM,#41-22/02/21 - BRA 27917/BRA 27918,I,NA,NA,NA,NA,NA,NA,NA,NA,11-Apr-21,12-Apr-21,SU,85,14,9,108,SIM - 32 filhotes,32,48,78.7,GPS 11 - 095 - F7 (esmalte retocado).
42,91,Leao,F18,22-Feb-21,CD,05:20,11,96,-3.86984,-32.43726,BRA 27952,BRA 27954,NA,NA,NA,101.5,90,NAO,NA,NA,NA,NA,NA,NA,NA,NA,NA,NA,13-Apr-21,14-Apr-21,SU,65,2,13,80,NAO,,50,81.3,"GPS11-096 F18 Derrubou estaca 10, estaca recolocada"
43,94,Leao,F19,24-Feb-21,CD,20:07,10,90,-3.86982,-32.43711,BRA 27936,NA,BRA 06201,NA,NA,113.4,106.3,SIM,#43 - 24/02/21 - BRA 27936/BRA 06201,I,NA,NA,NA,NA,NA,NA,NA,NA,14-Apr-21,15-Apr-21,SU,82,1,24,107,SIM - 82 filhotes,82,49,76.6,GPS 10 - 090 - F19 (pintada) - Foto ID  ok
44,98,Leao,F5,28-Feb-21,CD,20:06,11,101,-3.87003,-32.43792,NA,NA,BRA 27906,BRA 27907,NA,NA,NA,NAO,NA,I,NA,NA,NA,NA,NA,NA,NA,NA,19-Apr-21,20-Apr-21,SU,90,0,3,93,NAO,,50,96.8,GPS 11- 101 Esmalte retocado F5
46,99,Leao,F3,28-Feb-21,CD,20:52,11,102,-3.86986,-32.43725,NA,NA,BRA 27905,BR 67305,NA,NA,NA,NAO,NA,I,NA,NA,NA,NA,NA,NA,NA,NA,17-Apr-21,18-Apr-21,SU,91,8,6,105,SIM - 32 filhotes,32,48,86.7,GPS 11- 102 - F3 (esmalte retocao).
45,100,Leao,F21,28-Feb-21,CD,21:06,10,92,-3.86992,-32.43716,BRA 27945,BRA 27946,NA,NA,NA,107.6,103.3,SIM,#45-28/02/21-BRA 27945/ BRA 27946,I,NA,NA,NA,NA,NA,NA,NA,NA,20-Apr-21,21-Apr-21,SU,54,1,53,108,SIM - 53 filhotes,53,51,50,GPS 10 - 092-  F21 (pintada) Foto ID ok. Calombro na parte direita do rosto (foto).
47,103,Leao,F10,1-Mar-21,CD,20:40,10,94,-3.86989,-32.43771,NA,NA,BRA 06231,BR 77094,NA,NA,NA,NAO,NA,I,502127,3/1/2021 21:35,4/21/2021 00:16,NA,NA,NA,NA,NA,20-Apr-21,20-Apr-21,SU,78,1,40,119,SIM - 78 filhotes,78,50,65.5,GPS 10 - 094 - F10 (esmalte retocado).
49,108,Leao,F15,2-Mar-21,CD,20:30,11,107,-3.86988,-32.43736,NA,NA,BRA 27940,BRA 27941,NA,NA,NA,SIM,#49 02/03/21 BRA 27940/BRA 27941,I,NA,NA,NA,NA,NA,NA,NA,NA,21-Apr-21,21-Apr-21,PA,44,1,38,83,SIM - 3 filhotes,,,,GPS 11 - 107 - F15  (esmalte retocado). Ninho predado por teju. Emergiram 3 filhotes que foram amostrados e a na abertura foram encontrado apenas mais 8. Como o ninho estava telado possivelmente o teju pode ter predado os outros filhotes.
48,109,Leao,F22,2-Mar-21,CD,21:17,11,106,-3.8697,-32.4367,BRA 27959,NA,BRA 21700,NA,BRA 21763,113.5,109,SIM,#48 02/03/21 BRA 27959 BRA 21700,I,502126,3/2/2021 21:39,4/24/2021 02:47,NA,NA,NA,NA,NA,21-Apr-21,23-Apr-21,SU,20,1,47,68,SIM - 20 filhotes,20,50,29.4,"GPS 11 - 106 - F22 (pintada). Foto ID ok. 1 filhote emergido aparentemente predado por carangueijo dia 21-Apr-2021, 17 emergidos dia 23-Apr-2021 e 2 retidos."
51,110,Leao,F14,2-Mar-21,CD,21:25,11,108,-3.86956,-32.43602,NA,NA,BRA 27937,BRA 27938,NA,NA,NA,SIM,#51 02/03/21 BRA 27937 BRA 27938,I,NA,NA,NA,NA,NA,NA,NA,NA,21-Apr-21,22-Apr-21,SU,75,13,23,111,SIM - 75 filhotes,75,50,67.6,GPS 11 - 108 - F14 (esmalte retocado). Marca BRA 27937 na escama nad direita.
50,115,Leao,F4,3-Mar-21,CD,20:04,10,95,-3.86994,-32.43778,NA,NA,BRA 27908,BRA 27909,NA,NA,NA,NAO,NA,I,NA,NA,NA,NA,NA,NA,NA,NA,24-Apr-21,24-Apr-21,SU,64,0,6,70,NAO,,52,91.4,GPS 10 - 095 - F4 (esmalte retocado)
52,116,Leao,F17,3-Mar-21,CD,21:15,11,115,-3.86956,-32.4369,NA,NA,BRA 27949,BRA 27951,NA,NA,NA,SIM,#52 03/03/21 BRA 27949/ BRA 27951,I,NA,NA,NA,NA,NA,NA,NA,NA,19-Apr-21,21-Apr-21,SU,65,4,23,92,SIM - 64 filhotes,64,47,70.7,"GPS 11 - 115 - F17 (esmalte retocado). Lesão cicatrizada na nadadeira posterior esquerda. 19 filhotes emergidos dia 19-Apr-2021, 7 filhotes a ""um palmo"" da superficie coletados dia 19-Apr-2021 e 38 filhotes retidos, coletados na abertura dia 21-Apr-2021.  "
53,118,Leao,F20,3-Mar-21,CD,23:34,10,97,-3.86972,-32.43671,NA,NA,BRA 27957,BRA 27958,NA,107.2,103,SIM,#53 03/03/21 BRA 27957/ BRA 27958,I,502117,3/4/2021 00:32,4/22/2021 20:31,NA,NA,NA,NA,NA,21-Apr-21,22-Apr-21,SU,62,7,37,106,SIM - 60 filhotes,60,49,58.5,GPS 10 - 097 - F20 (pintada).
54,119,Leao,F9,3-Mar-21,CD,23:43,10,98,-3.86972,-32.43683,NA,NA,BRA 27925,BRA 27931,NA,NA,NA,NAO,NA,I,NA,NA,NA,NA,NA,NA,NA,NA,20-Apr-21,20-Apr-21,SU,103,4,3,110,SIM - 32 filhotes,32,48,93.6,GPS 10 - 098 - F9 (esmalte retocado).
55,120,Leao,F12,4-Mar-21,CD,20:03,10,99,-3.86963,-32.43653,NA,NA,BRA 27932,BRA 27934,NA,NA,NA,NAO,NA,I,NA,NA,NA,NA,NA,NA,NA,NA,NA,22-Apr-21,PA,70,0,1,71,NAO,,,,GPS 10 - 099 - F12 (esmalte retocado). Ninho estava telado e foi predado por teju que cavou e arrancou a tela. Nenhum filhote encontrado na abertura.
56,121,Leao,F16,4-Mar-21,CD,20:11,11,116,-3.87002,-32.43786,NA,NA,BRA 27942,BRA 27943,NA,NA,NA,SIM,#56 04/03/21 BRA 27942/ BRA 27943,I,NA,NA,NA,NA,NA,NA,NA,NA,22-Apr-21,23-Apr-21,SU,84,0,11,95,SIM - 84 filhotes,84,49,88.4,GPS 11 - 116 - F16 (esmalte retocado).
57,122,Leao,F11,4-Mar-21,CD,20:10,11,117,-3.86988,-32.4377,BRA 27960,NA,BRA 27924,NA,NA,NA,NA,NAO,NA,I,NA,NA,NA,NA,NA,NA,NA,NA,22-Apr-21,22-Apr-21,SU,87,1,26,120,SIM - 86 filhotes,86,49,72.5,GPS 11 - 117 - F11 (pintada novamente do lado esquerdo). Perdeu 1 marca marca BRA 27923 da nadadeira esquerda.  
58,124,Leao,F7,4-Mar-21,CD,03:35,11,118,-3.87003,-32.43791,NA,NA,BRA 27917,BRA 27918,NA,NA,NA,NAO,NA,I,NA,NA,NA,NA,NA,NA,NA,NA,24-Apr-21,25-Apr-21,SU,99,1,14,114,SIM - 32 filhotes,32,51,86.8,GPS 11 - 118 - F7 (esmalte retocado).
59,125,Leao,F6,5-Mar-21,CD,20:06,10,101,-3.86966,-32.43698,NA,NA,BRA 27903,BRA 27904,NA,108.2,103.8,NAO,NA,I,NA,NA,NA,NA,NA,NA,NA,NA,23-Apr-21,24-Apr-21,SU,87,2,6,95,NAO,,49,91.6,GPS10- 101 F6 Esmalte retocado. 1 Ovo anomalo pequeno
60,126,Leao,F2,5-Mar-21,CD,20:10,11,120,-3.87,-32.4377,NA,NA,BRA 27902,BR 38662,NA,NA,NA,NAO,NA,I,896711,3/5/2021 20:50,4/23/2021 20:52,NA,NA,NA,NA,NA,21-Apr-21,23-Apr-21,SU,126,1,13,140,NAO,,47,90,GPS 11 - 120 - F2 (pintada novamente lado esquerdo).
61,128,Leao,F1,6-Mar-21,CD,18:40,10,102,-3.86974,-32.43677,NA,NA,BRA 21740,BR 83209 ,NA,NA,NA,NAO,NA,I,NA,NA,NA,NA,NA,NA,NA,NA,24-Apr-21,24-Apr-21,SU,103,5,27,135,SIM - 96 filhotes,96,49,76.3,GPS 10 - 102 - F1 (esmalte retocado).
62,129,Leao,F8,6-Mar-21,CD,20:19,10,103,-3.86992,-32.43776,NA,NA,BRA 27962,BRA 27901,NA,NA,NA,SIM,#62 06/03/31 BRA 27962/ BRA27901,I,NA,NA,NA,NA,NA,NA,NA,NA,21-Apr-21,23-Apr-21,SU,60,1,23,84,SIM - 33 filhotes,33,46,71.4,GPS 10 - 103 - F8 (esmalte retocado). 1 filhote emergido dia 21-Apr-2021 e o restante dos filhotes emergidos dia 23-Apr-2021.
63,130,Leao,F18,7-Mar-21,CD,21:15,11,122,-3.8698,-32.43705,NA,NA,BRA 27952,BRA 27954,NA,101,90,SIM,#63 07/03/21 BRA 27952/BRA 27954,I,NA,NA,NA,NA,NA,NA,NA,NA,25-Apr-21,25-Apr-21,SU,72,0,13,85,SIM - 72 filhotes,72,49,84.7,"GPS 11 - 122 - F18 (pintada). Ninho marcado temporariamente com a estaca 177,  estaca foi substituida pela 63."
64,131,Leao,F19,7-Mar-21,CD,21:21,10,104,-3.8695,-32.43597,NA,NA,BRA 06201,BRA 27936,NA,NA,NA,SIM,#64 07/03/21 BRA 06201/ BRA 27936,I,NA,NA,NA,NA,NA,NA,NA,NA,26-Apr-21,26-Apr-21,SU,93,1,22,116,NAO,,50,80.2,GPS 10 -104 - F19 (esmalte retocado).
65,132,Leao,F13,9-Mar-21,CD,21:25,10,105,-3.87006,-32.4381,NA,NA,BRA 27948,BRA 27915,NA,NA,NA,SIM,#65 09/03/21 BRA 27948/ BRA 27915,I,NA,NA,NA,NA,NA,NA,NA,NA,27-Apr-21,27-Apr-21,SU,83,3,26,112,NAO,,49,74.1,GPS 10 - 105 - F13 (pintado lado direito retocado). Cavou um ninho antigo. 
66,137,Leao,F5,11-Mar-21,CD,20:07,10,107,-3.8698,-32.43715,NA,NA,BRA 27906,BRA 27907,NA,NA,NA,NAO,NA,I,NA,NA,NA,NA,NA,NA,NA,NA,27-Apr-21,27-Apr-21,SU,85,0,8,93,SIM - 32 filhotes,32,47,91.4,GPS 10 - 107 - F5 (pintada do lado esquerdo). 1 ovo anômalo pequeno.  
67,138,Leao,F3,11-Mar-21,CD,20:10,11,126,-3.87007,-32.43806,NA,NA,BRA 27905,BR 67305,NA,NA,NA,NAO,NA,I,NA,NA,NA,NA,NA,NA,NA,NA,2-May-21,2-May-21,SU,106,1,7,114,NAO,,52,93,GPS 11 - 126 - F3 (esmalte retocado)
68,140,Leao,F10,11-Mar-21,CD,03:07,10,109,-3.87007,-32.43809,NA,NA,BRA 06231,BR 77094,NA,NA,NA,NAO,NA,I,502118,3/12/2021 03:20,5/2/2021 20:24,NA,NA,NA,NA,NA,29-Apr-21,2-May-21,SU,72,2,36,110,NAO,,49,65.5,GPS 10 - 109 - F10 (esmalte retocado)
69,145,Leao,F22,13-Mar-21,CD,21:28,10,117,-3.86985,-32.43707,NA,NA,BRA 27959,BRA 21700,NA,NA,NA,SIM,#69 13/03/21 BRA 27959/BRA 21700,I,895562,3/14/2021 01:29,5/3/2021 00:10,NA,NA,NA,NA,NA,2-May-21,2-May-21,SU,65,4,32,101,SIM - 65 filhotes,65,50,64.4,GPS 10 - 117 - F22 (esmalte retocado). 
70,150,Leao,F17,13-Mar-21,CD,00:03,10,116,-3.8701,-32.43805,NA,NA,BRA 27951,BRA 27949,NA,NA,NA,NAO,NA,I,NA,NA,NA,NA,NA,NA,NA,NA,5-May-21,6-May-21,SU,79,1,6,86,SIM - 32 filhotes,32,53,91.9,GPS 10 - 116 - F17 (esmalte retocado).
71,155,Leao,F15,14-Mar-21,CD,20:18,10,119,-3.86992,-32.4374,NA,NA,BRA 27940,BRA 27941,NA,NA,NA,NAO,NA,I,NA,NA,NA,NA,NA,NA,NA,NA,3-May-21,5-May-21,SU,55,2,32,89,SIM - 28 filhotes,28,50,61.8,"GPS 10 - 119 - F15 (esmalte retocado). 6 filhotes emergidos dia 3-May-21, 18 emergidos dia 5-May-21 e 4 filhotes retidos; não foram encontrados 27 filhotes (somados aos emergidos e retidos totalizariam o número de casquinhas encontradas - 55 casquinhas)."
72,158,Leao,F23,14-Mar-21,CD,22:38,10,120,-3.86983,-32.43711,NA,NA,BRA 27964,BRA 27965,NA,NA,NA,SIM,#72 14/03/21 BRA 27964/BRA 27965,I,NA,NA,NA,NA,NA,NA,NA,NA,1-May-21,1-May-21,SU,62,1,14,77,SIM - 62 filhotes,62,48,80.5,GPS 10 - 120 - F23 (pintada novamente).
73,160,Leao,F12,14-Mar-21,CD,01:40,11,135,-3.86967,-32.43657,NA,NA,BRA 27932,BRA 27934,NA,NA,NA,NAO,NA,I,NA,NA,NA,NA,NA,NA,NA,NA,4-May-21,4-May-21,SU,58,5,8,71,SIM - 58 filhotes,58,51,81.7,GPS 11 - 135 - F12 (esmalte retocado). 1 ovo anomalo pequeno.
74,167,Leao,F25,15-Mar-21,CD,21:22,11,136 (I) e 141 (P),-3.8702,-32.43992,BRA 27970,BRA 27971,NA,NA,NA,122.8,110.5,SIM,#74 15/03/21 BRA 27970/BRA 27971,P,NA,NA,NA,A,164,0,-3.87004,-32.43789,4-May-21,4-May-21,SU,76,24,60,160,SIM - 32 filhotes,32,50,47.5,"GPS 11 - 136 (I) e GPS 11 - 141 (P) - F25 (pintada). Desovou no final da praia, perto das pedras, aréa com perigo de inundação por chuva e por maré."
75,170,Leao,F9,15-Mar-21,CD,01:52,10,124,-3.87008,-32.43806,NA,NA,BRA 27925,BRA 27931,NA,NA,NA,NAO,NA,I,NA,NA,NA,NA,NA,NA,NA,NA,6-May-21,6-May-21,SU,108,1,0,109,NAO,,52,99.1,GPS 10 - 124 F9 (esmalte retocado).
76,171,Leao,F4,15-Mar-21,CD,04:20,11,143,-3.86994,-32.43771,NA,NA,BRA 27908,BRA 27909,NA,NA,NA,NAO,NA,I,NA,NA,NA,NA,NA,NA,NA,NA,7-May-21,7-May-21,SU,72,0,2,74,SIM - 32 filhotes,32,53,97.3,GPS 11 - 143 - F4 (esmalte retocado).
77,175,Leao,F2,16-Mar-21,CD,21:20,10,127,-3.86947,-32.43562,NA,NA,BR 38662,BRA 27902,NA,NA,NA,NAO,NA,I,896725,3/16/2021 23:29,5/4/2021 10:13,NA,NA,NA,NA,NA,3-May-21,3-May-21,SU,123,4,6,133,NAO,,48,92.5,GPS 10 - 127 - F2 (esmalte retocado).
78,176,Leao,F11,16-Mar-21,CD,22:48,11,148,-3.86995,-32.43743,NA,NA,BRA 27960,BRA 27924,NA,NA,NA,NAO,NA,I,NA,NA,NA,NA,NA,NA,NA,NA,5-May-21,6-May-21,SU,94,5,9,108,SIM - 32 filhotes,32,50,87,GPS 11 - 148 - F11 (esmalte retocado).
80,179,Leao,F20,17-Mar-21,CD,20:40,11,151,-3.86996,-32.43776,NA,NA,BRA 27957,BRA 27958,NA,NA,NA,SIM,#80 17/03/21 BRA 27957/BRA 27958,I,896705,3/17/2021 22:10,5/6/2021 20:53,NA,NA,NA,NA,NA,5-May-21,6-May-21,SU,64,16,22,102,SIM - 32 filhotes,32,49,62.7,GPS 11 - 151 - F20 (esmalte retocado).
79,180,Leao,F24,17-Mar-21,CD,22:55,11,150,-3.86971,-32.43675,NA,NA,BRA 27961,BR 83201,NA,114.5,105,SIM,#79 17/03/21 BRA 27961/ BR 83201,I,NA,NA,NA,NA,NA,NA,NA,NA,5-May-21,5-May-21,SU,46,0,45,91,SIM - 35 filhotes,35,49,50.5,GPS 11 - 150 - F24 (pintada). Foto ID ok. Craca na 3° placa lateral esquerda (foto). 
81,181,Leao,F16,18-Mar-21,CD,20:06,10,128,-3.86968,-32.4367,NA,NA,BRA 27942,BRA 27943,NA,NA,NA,NAO,NA,I,NA,NA,NA,NA,NA,NA,NA,NA,6-May-21,7-May-21,SU,158,0,11,169,SIM - 32 filhotes,32,49,93.5,GPS 10 - 128 - F16. 
82,182,Leao,F1,18-Mar-21,CD,20:15,10,130,-3.87,-32.43768,NA,NA,BR 83209,BRA 21740,NA,NA,NA,NAO,NA,I,NA,NA,NA,NA,NA,NA,NA,NA,8-May-21,8-May-21,SU,117,1,9,127,NAO,,51,92.1,GPS 10 - 130 F1 (esmalte retocado)
83,186,Leao,F18,19-Mar-21,CD,21:47,10,131 (I) e 132 (P),-3.87042,-32.43909,NA,NA,BRA 27952,BRA 27954,NA,NA,NA,SIM,#83 19/03/21 BRA 27952/ BRA 27953,P,NA,NA,NA,A,100,0,-3.87001,-32.43784,7-May-21,7-May-21,SU,85,8,4,97,SIM - 33 filhotes,33,49,87.6,GPS 10 - 131 (I) e 132 (P) - F18. 1 ovo apresentou estrutura parecida com um ovo de galinha (com uma ponta). Desovou em área com perigo de inundação por maré.
84,187,Leao,F19,20-Mar-21,CD,20:10,10,133,-3.86939,-32.43571,NA,NA,BR 06201,BRA 27936,NA,NA,NA,NAO,NA,I,NA,NA,NA,NA,NA,NA,NA,NA,8-May-21,8-May-21,SU,104,2,3,109,SIM - 32 filhotes,32,49,95.4,GPS 10 - 133 - F19 (esmalte retocado). 
85,188,Leao,F13,20-Mar-21,CD,20:16,10,N85,-3.86974,-32.43738,NA,NA,BRA 27915,BRA 27948,NA,NA,NA,NAO,NA,I,NA,NA,NA,NA,NA,NA,NA,NA,8-May-21,8-May-21,SU,94,2,15,111,SIM - 32 filhotes,32,49,84.7,GPS 11 - N85 - F13 (esmalte retocado).
87,192,Leao,F10,22-Mar-21,CD,21:21,10,136,-3.87005,-32.43795,NA,NA,BR 77094,BRA 06231,NA,NA,NA,NAO,NA,I,881571,3/22/2021 23:05,5/11/2021 22:40,NA,NA,NA,NA,NA,10-May-21,11-May-21,SU,72,7,52,131,SIM - 35 filhotes,35,49,55,GPS 10 - 136 - F10 (esmalte retocado).
86,193,Leao,F3,22-Mar-21,CD,21:43,10,137,-3.86954,-32.43642,NA,NA,BR 67305,BRA 27905,NA,NA,NA,NAO,NA,I,NA,NA,NA,NA,NA,NA,NA,NA,12-May-21,12-May-21,SU,122,2,6,130,SIM - 32 filhotes,32,51,93.8,GPS 10 - 137 - F3 (esmalte retocado).
88,195,Leao,F17,23-Mar-21,CD,21:30,11,157,-3.86998,-32.43757,NA,NA,BRA 27951,BRA 27949,NA,NA,NA,NAO,NA,I,NA,NA,NA,NA,NA,NA,NA,NA,11-May-21,14-May-21,SU,83,0,6,89,SIM - 32 filhotes,32,49,93.3,GPS 11 - 157 - F17 (esmalte retocado). 12 filhotes emergidos dia 11-May-2021 e o restante dos filhotes emergidos dia 14-May-2021. Na abertura foi encontrado um filhote predado sem cabeça.
89,196,Leao,F5,23-Mar-21,CD,21:31,10,138,-3.86987,-32.4373,NA,NA,BRA 27906,BRA 27907,NA,NA,NA,NAO,NA,I,NA,NA,NA,NA,NA,NA,NA,NA,13-May-21,13-May-21,SU,87,0,6,93,NAO,,51,93.5,GPS 10-138 F5 esmalte retocado. 1 ovo anômalo pequeno.
90,204,Leao,F12,26-Mar-21,CD,20:01,10,142,-3.86965,-32.4366,NA,NA,BRA 27932,BRA 27934,NA,NA,NA,NAO,NA,I,NA,NA,NA,NA,NA,NA,NA,NA,15-May-21,15-May-21,SU,87,1,2,90,SIM - 32 filhotes,32,50,96.7,GPS 10 - 142 - F12 (esmalte retocado).
91,205,Leao,F25,26-Mar-21,CD,20:03,11,162,-3.87003,-32.43792,NA,NA,BRA 27970,BRA 27971,NA,NA,NA,SIM ,#91 26/03/2021 BRA 27970/ BRA 27971,I,NA,NA,NA,NA,NA,NA,NA,NA,16-May-21,16-May-21,SU,112,10,14,136,SIM - 96 filhotes,96,51,82.4,GPS 11 - 162 - F25 (esmalte retocado). Foto ID ok. 1 ovo anomalo pequeno.
92,206,Leao,F15,26-Mar-21,CD,20:04,10,143,-3.86987,-32.43742,NA,NA,BRA 27940,BRA 27941,NA,NA,NA,NAO,NA,I,NA,NA,NA,NA,NA,NA,NA,NA,14-May-21,14-May-21,SU,71,1,17,89,SIM - 71 filhotes,71,49,79.8,GPS 10 - 143 - F15 (esmalte retocado). Um filhote encontrado morto proximo  a superficie.
93,207,Leao,F9,26-Mar-21,CD,00:08,11,164,-3.86983,-32.43756,NA,NA,BRA 27925,BRA 27931,NA,NA,NA,NAO,NA,I,NA,NA,NA,NA,NA,NA,NA,NA,16-May-21,16-May-21,SU,110,4,1,115,SIM - 92 filhotes,92,51,95.7,"GPS 11 - 164 - F9 (esmalte retocado). Passou pela tela do ninho 18 e arrancou, tela recolocada."
94,208,Leao,F22,26-Mar-21,CD,00:12,11,163,-3.86961,-32.43692,NA,NA,BRA 21700,BRA 27959,NA,NA,NA,NAO,NA,I,880878,3/27/2021 01:23,5/17/2021 01:40,NA,NA,NA,NA,NA,16-May-21,16-May-21,SU,103,2,5,110,SIM - 32 filhotes,32,51,93.6,GPS 11 - 163 - F22 (esmalte retocado).
95,209,Leao,F2,27-Mar-21,CD,20:20,11,165,-3.87003,-32.43789,NA,NA,BR 38662,BRA 27902,NA,NA,NA,NAO,NA,I,896702,3/27/2021 20:29,5/18/2021 00:13,NA,NA,NA,NA,NA,17-May-21,17-May-21,SU,125,1,2,128,SIM - 32 filhotes,32,51,97.7,GPS 11 - 165 - F2 (esmalte retocado).
96,213,Leao,F24,30-Mar-21,CD,20:07,10,147,-3.86994,-32.4377,NA,NA,BRA 27961,BR 83201,NA,NA,NA,NAO,NA,I,NA,NA,NA,NA,NA,NA,NA,NA,19-May-21,19-May-21,SU,42,1,52,95,SIM - 32 filhotes,32,50,44.2,GPS 10 - 147 - F24. Tartaruga flagrada no final do processo não foi possível realizar todos os procedimentos e o ninho foi encontrado depois que ela desceu.
97,217,Leao,NA,30-Mar-21,CD,NA,10,148,-3.86963,-32.43654,NA,NA,NA,NA,NA,NA,NA,NA,NA,I,NA,NA,NA,NA,NA,NA,NA,NA,21-May-21,21-May-21,SU,94,0,2,96,NAO,,52,97.9,"GPS 10-148 Tartaruga subiu antes das 20:00 e nao foi flagrada, foi visto apenas a cama e o rastro de descida por volta de 22:40. Ninho não encontrado, mas será monitorado."
98,218,Leao,F13,31-Mar-21,CD,20:05,11,169,-3.86987,-32.43763,NA,NA,BRA 27915,BRA 27948,NA,NA,NA,NAO,NA,I,NA,NA,NA,NA,NA,NA,NA,NA,21-May-21,21-May-21,SU,103,3,3,109,SIM - 33 filhotes,33,51,94.5,"GPS 11 - 169 F13 (esmalte retocado). A caminho do mar foi encontrado 20 ovos em seu rastro de descida, avistado às 22:55. Os ovos foram depositados cenca de 2m do ninho e sinalizado com salsa e pedras ao redor. Na abertura foram encontrados 21 casquinhas, houve um erro de contagem dos ovos encontrados no rastro da tartaruga.  "
99,221,Leao,F19,1-Apr-21,CD,20:05,11,172,-3.87008,-32.43808,NA,NA,BRA 27936,BRA 06201,NA,NA,NA,NAO,NA,I,NA,NA,NA,NA,NA,NA,NA,NA,22-May-21,22-May-21,SU,102,0,4,106,SIM - 32 filhotes,32,51,96.2,GPS 11 - 172 - F19 (esmalte retocado).
100,222,Leao,F3,2-Apr-21,CD,22:50,11,173,-3.86985,-32.43695,NA,NA,BRA 27905,BR 67305,NA,NA,NA,NAO,NA,I,NA,NA,NA,NA,NA,NA,NA,NA,22-May-21,23-May-21,SU,105,1,4,110,NAO,,50,95.5,GPS 11 - 173 F3 (esmalte retocado)
101,223,Leao,F17,3-Apr-21,CD,02:56,11,174,-3.86984,-32.43723,NA,NA,BRA 27951,BRA 27949,NA,NA,NA,NAO,NA,I,NA,NA,NA,NA,NA,NA,NA,NA,24-May-21,24-May-21,SU,85,0,10,95,SIM - 32 filhotes,32,51,89.5,GPS 11 - 174 - F17 (esmalte retocado).
102,228,Leao,F9,6-Apr-21,CD,01:00,10,152,-3.87002,-32.43798,NA,NA,BRA 27925,BRA 27931,NA,NA,NA,NAO,NA,I,NA,NA,NA,NA,NA,NA,NA,NA,26-May-21,27-May-21,SU,107,0,1,108,NAO,,50,99.1,GPS 10 - 152 F9 (esmalte retocado)
104,230,Leao,F2,7-Apr-21,CD,20:10,11,175 (I) e 176 (P),-3.87006,-32.43861,NA,NA,BRA 27902,BR 38662,NA,NA,NA,NAO,NA,P,NA,NA,NA,A,123,0,-3.87001,-32.43764,24-May-21,24-May-21,SU,105,2,15,122,NAO,,47,86.1,GPS 11 -175 (I) E 176 (P) F2 (esmalte retocado).  Transferido por estar em aréa com perigo de inundação pelo segundo rio temporário que se forma com a chuva  (próximo da casinha).  
105,231,Leao,F15,7-Apr-21,CD,20:50,10,154,-3.87009,-32.43823,NA,NA,BRA 27940,BRA 27941,NA,NA,NA,NAO,NA,I,896718,4/7/2021 21:53,5/28/2021 22:48,NA,NA,NA,NA,NA,26-May-21,28-May-21,SU,64,1,15,80,SIM - 32 filhotes,32,49,80,GPS 10 - 154 - F15 (esmalte retocado). 1 filhote emergiu no dia 26-May-2021 e o restante dos filhotes emergidos no dia 28-May-2021. 2 ovos anômalos grandes.
103,232,Leao,F25,7-Apr-21,CD,00:10,11,177,-3.8699,-32.43743,NA,NA,BRA 27970,BRA 27971,NA,NA,NA,NAO,NA,I,895561,4/8/2021 01:49,5/28/2021 23:01,NA,NA,NA,NA,NA,28-May-21,28-May-21,SU,86,2,9,97,SIM - 32 filhotes,32,51,88.7,GPS 11 - 177 F25 (esmalte retocado).
106,236,Leao,F13,10-Apr-21,CD,20:18,11,179,-3.86978,-32.43739,NA,NA,BRA 27915,BRA 27948,NA,NA,NA,NAO,NA,I,NA,NA,NA,NA,NA,NA,NA,NA,30-May-21,31-May-21,SU,90,0,21,111,SIM - 32 filhotes,32,50,81.1,GPS 11 - 179 F13 (esmalte retocado).
107,237,Leao,F23,10-Apr-21,CD,20:18,10,158,-3.86997,-32.43749,NA,NA,BRA 27964,BRA 27965,NA,NA,NA,NAO,NA,I,NA,NA,NA,NA,NA,NA,NA,NA,28-May-21,29-May-21,SU,88,4,3,95,SIM - 32 filhotes,32,48,92.6,GPS 10 - 158 F23 (esmalte retocado).
108,238,Leao,F26,10-Apr-21,CD,21:42,11,180,-3.86952,-32.43659,NA,NA,BRA 27972,BRA 27973,NA,109.6,101.5,SIM,#108 10/04/2021 BRA 27972/ BRA 27973,I,896720,4/10/2021 22:40,5/31/2021 00:06,NA,NA,NA,NA,NA,30-May-21,30-May-21,SU,96,1,2,99,SIM - 96 filhotes,96,50,97,GPS 11 - 180 - F26 (pintada). Foto ID ok - Queloide próximo a nadadeira anterior direita (foto).
109,240,Leao,F24,11-Apr-21,CD,20:08,10,161,-3.86992,-32.43755,NA,NA,BRA 27961,BR 83201,NA,NA,NA,SIM,#109 11/4/21 BRA 27962 BR 83201,I,896722,4/11/2021 20:11,6/2/2021 05:40,NA,NA,NA,NA,NA,1-Jun-21,1-Jun-21,SU,58,1,37,96,SIM - 58 filhotes,58,51,60.4,GPS 10 - 161 F24 (esmalte retocado).
110,241,Leao,F19,13-Apr-21,CD,20:12,10,162,-3.86995,-32.43771,NA,NA,BRA 27936,BRA 06201,NA,NA,NA,NAO,NA,I,896701,4/13/2021 21:11,6/3/2021 22:00,NA,NA,NA,NA,NA,3-Jun-21,3-Jun-21,SU,80,4,3,87,SIM - 33 filhotes,33,51,92,GPS 10 - 162 F19 (esmalte retocado). Foi amostrado 32 filhotes vivos e 1 natimorto que estava em boas condições para ser amostrado.
111,242,Leao,F25,18-Apr-21,CD,20:09,11,185,-3.86997,-32.43756,NA,NA,BRA 27970,BRA 27971,NA,NA,NA,NAO,NA,I,896717,4/18/2021 21:40,6/8/2021 02:38,NA,NA,NA,NA,NA,7-Jun-21,7-Jun-21,SU,110,5,2,117,SIM - 32 filhotes,32,50,94,GPS 11 - 185 F25 (esmalte retocado).
112,243,Leao,F2,18-Apr-21,CD,20:09,11,186,-3.87007,-32.43793,NA,NA,BRA 27902,BR 38662,NA,NA,NA,NAO,NA,I,NA,NA,NA,NA,NA,NA,NA,NA,8-Jun-21,9-Jun-21,SU,90,6,7,103,SIM - 32 filhotes,32,51,87.4,"GPS 11 - 186 F2 9esmalte retocado). Tirou parcialmente a tela do ninho 58, tela recolocada."
113,246,Leao,F9,18-Apr-21,CD,02:45,11,189 (I) e 188 (P) ,-3.87003,-32.43832,NA,NA,BRA 27925,BRA 27931,NA,NA,NA,NAO,NA,P,NA,NA,NA,A,122,0,-3.87002,-32.43781,7-Jun-21,7-Jun-21,SU,104,5,5,114,SIM - 32 filhotes,32,50,91.2,"GPS 11 - 189 (I) e 188 (P) F9 (esmalte retocado).  Transferido por estar em aréa com perigo de inundação, desovou no riozinho temporário que se forma com a chuva, próximo a casinha. Devido a diferença econtrada no número de ovos transferidos e da abertura, foi feita a recontagem para confirmar. Havia muitas cascas despedaçadas o que pode ter influenciado a diferença."
114,247,Leao,F15,20-Apr-21,CD,20:17,11,190,-3.86964,-32.43705,NA,NA,BRA 27940,BRA 27941,NA,NA,NA,NAO,NA,I,896699,4/20/2021 21:10,6/11/2021 23:12,NA,NA,NA,NA,NA,11-Jun-21,11-Jun-21,SU,63,5,25,93,SIM - 32 filhotes,32,52,67.7,GPS 11 - 190 F15 (esmalte retocado).
115,248,Leao,F26,21-Apr-21,CD,00:26,11,191,-3.86968,-32.43678,NA,NA,BRA 27972,BRA 27973,NA,NA,NA,SIM,#115 21/4/21 BRA 27972/ BRA 27973,I,896694,4/22/2021 01:33,6/13/2021 19:12,NA,NA,NA,NA,NA,12-Jun-21,13-Jun-21,SU,93,2,2,97,SIM - 32 filhotes,32,52,95.9,GPS 11 - 191 F26 (esmalte retocado).
116,251,Leao,F24,24-Apr-21,CD,20:08,10,165,-3.86998,-32.43776,NA,NA,BRA 27961,BR 83201,NA,NA,NA,NAO,NA,I,NA,NA,NA,NA,NA,NA,NA,NA,13-Jun-21,13-Jun-21,SU,51,1,43,95,SIM - 27 filhotes ,27,50,53.7,GPS 10 - 165 F24 (esmalte retocado).
117,256,Leao,F25,30-Apr-21,CD,20:27,10,169,-3.87021,-32.43827,NA,NA,BRA 27970,BRA 27971,NA,NA,NA,NAO,NA,I,NA,NA,NA,NA,NA,NA,NA,NA,22-Jun-21,30-Jun-21,SU,85,1,3,89,NAO,,53,95.5,GPS 10 - 169 - F25 (esmalte retocado). Aberto pelo TAMAR.
118,257,Leao,F27,1-May-21,CD,20:18,11,194,-3.87012,-32.4381,BRA 27974,BRA 27975,NA,NA,NA,110.2,100.6,SIM,#118 01/05/21 BRA 27974/ BRA 27975,I,NA,NA,NA,NA,NA,NA,NA,NA,22-Jun-21,30-Jun-21,SU,71,0,9,80,NAO,,52,88.8,GPS 11 - 194 - F27 (pintada). Aberto pelo TAMAR.
119,258,Leao,F26,1-May-21,CD,20:20,11,195,-3.86997,-32.43775,NA,NA,BRA 27972,BRA 27973,NA,NA,NA,NAO,NA,I,NA,NA,NA,NA,NA,NA,NA,NA,23-Jun-21,10-Jul-21,SU,98,3,12,112,NAO,,53,87.5,GPS 11 - 195 F26. Aberto pelo TAMAR.
120,261,Leao,F24,6-May-21,CD,20:10,10,173,-3.86965,-32.43695,NA,NA,BRA 27961,BR 83201,NA,NA,NA,NAO,NA,I,NA,NA,NA,NA,NA,NA,NA,NA,29-Jun-21,10-Jul-21,SU,104,0,3,107,NAO,,54,97.2,"GPS 10 - 173. F24 (esmalte retocado). Derrubou a estaca e retirou a tela do ninho 81, ambas foram recolocada no lugar. "
121,263,Leao,F28,12-May-21,CD,21:30,10,175,-3.86941,-32.43554,BRA 27966,BRA 27967,NA,NA,NA,114.3,107.2,SIM,#121 12/05/21 BRA 27966/ BRA 27967,I,NA,NA,NA,NA,NA,NA,NA,NA,NA,4-Jul-21,SU,2,75,3,80,NAO,,,,"GPS 10 - 175 F28 (pintada). Foto ID ok. Temporariamente marcado com estaca 64. Aberto pelo TAMAR. Ninho com muitas raízes, os filhotes não conseguiram sair."
122,267,Leao,F26,13-May-21,CD,20:15,11,197,-3.87002,-32.43798,NA,NA,BRA 27972,BRA 27973,NA,NA,NA,NAO,NA,I,NA,NA,NA,NA,NA,NA,NA,NA,3-Jul-21,11-Jul-21,SU,77,3,8,88,NAO,,51,87.5,GPS 11 - 197 F26 (esmalte retocado). Aberto pelo TAMAR.
123,268,Leao,F27,13-May-21,CD,20:15,11,196,-3.87009,-32.4379,NA,NA,BRA 27974,BRA 27975,NA,NA,NA,SIM,#123 13/05/21 BRA 27974/ BRA 27975,I,NA,NA,NA,NA,NA,NA,NA,NA,3-Jul-21,11-Jul-21,SU,68,0,23,91,NAO,,51,74.7,GPS 11 - 196 F27 (esmalte retocado). Marca BRA 27974 na axila esquerda e BRA 27975 na axila direita. Aberto pelo TAMAR.
124,274,Leao,F24,20-May-21,CD,21:25,10,178,-3.86998,-32.43766,NA,NA,BRA 27961,BR 83201,NA,NA,NA,NAO,NA,I,NA,NA,NA,NA,NA,NA,NA,NA,NA,28-Jul-21,SU,69,5,28,102,NAO,,,,GPS 10 - 178 F24 (esmalte retocado). Foi observado que o ninho havia eclodido no monitorameto dia 18-Jul-2021 pelo TAMAR. Aberto pelo TAMAR.
125,275,Leao,F28,23-May-21,CD,00:10,10,180,-3.86992,-32.43732,NA,NA,BRA 27966,BRA 27967,NA,NA,NA,SIM,#125 23/5/21 BRA 27966/ BRA 27967,I,NA,NA,NA,NA,NA,NA,NA,NA,NA,29-Jul-21,SU,77,3,24,104,NAO,,,,GPS 10 - 180 F28. Foi observado que o ninho havia eclodido no monitorameto dia 18-Jul-2021 pelo TAMAR. Aberto pelo TAMAR.
126,276,Leao,F26,23-May-21,CD,03:00,10,181,-3.86977,-32.43764,NA,NA,BRA 27972,BRA 27973,NA,NA,NA,NAO,NA,I,NA,NA,NA,NA,NA,NA,NA,NA,NA,1-Aug-21,SU,73,4,1,78,NAO,,,,GPS 10 - 181 F26. Aberto pelo TAMAR.
127,277,Leao,F27,24-May-21,CD,20:15,10,182,-3.86983,-32.43718,NA,NA,BRA 27974,BRA 27975,NA,NA,NA,NAO,NA,I,NA,NA,NA,NA,NA,NA,NA,NA,NA,1-Aug-21,SU,53,0,64,117,NAO,,,,GPS 10 - 182 F27. Aberto pelo TAMAR.
128,278,Leao,F28,4-Jun-21,CD,20:10,11,205,-3.86999,-32.43778,NA,NA,BRA 27966,BRA 27967,NA,NA,NA,NAO,NA,I,NA,NA,NA,NA,NA,NA,NA,NA,NA,10-Aug-21,SU,68,2,31,101,NAO,,,,GPS 11 - 205 F28 (esmalte retocado).
NA,2,Leao,NA,24-Dec-20,ML,NA,11,ML24-12-20,-3.86965,-32.43647,NA,NA,NA,NA,NA,NA,NA,NA,NA,NA,NA,NA,NA,NA,NA,NA,NA,NA,NA,NA,NA,NA,NA,NA,NA,NA,,,,GPS 11 - ML24-12-20.
NA,5,Leao,NA,29-Dec-20,ML,NA,11,ML 29/12/20,-3.86958,-32.4365,NA,NA,NA,NA,NA,NA,NA,NA,NA,NA,NA,NA,NA,NA,NA,NA,NA,NA,NA,NA,NA,NA,NA,NA,NA,NA,,,,GPS 11 - ML 29/12/20.
NA,9,Leao,NA,13-Jan-21,ML,NA,11,34,-3.86928,-32.43651,NA,NA,NA,NA,NA,NA,NA,NA,NA,NA,NA,NA,NA,NA,NA,NA,NA,NA,NA,NA,NA,NA,NA,NA,NA,NA,,,,GPS 11 - 034. Ocorrência antes das 20:15.
NA,10,Leao,NA,13-Jan-21,ML,NA,11,35,-3.87004,-32.43652,NA,NA,NA,NA,NA,NA,NA,NA,NA,NA,NA,NA,NA,NA,NA,NA,NA,NA,NA,NA,NA,NA,NA,NA,NA,NA,,,,GPS 11 - 035. Ocorrência entre 00:00 e 1:10.
NA,17,Leao,F5,25-Jan-21,ML,20:15,10,53,-3.87009,-32.43814,BRA 27906,BRA 27907,NA,NA,NA,110.1,101.5,SIM,25/01/21 BRA 27906/ BRA 27907,NA,NA,NA,NA,NA,NA,NA,NA,NA,NA,NA,NA,NA,NA,NA,NA,NA,,,,GPS 10 - 053 - F5.
NA,22,Leao,NA,27-Jan-21,ML,NA,10,56,-3.86949,-32.43529,NA,NA,NA,NA,NA,NA,NA,NA,NA,NA,NA,NA,NA,NA,NA,NA,NA,NA,NA,NA,NA,NA,NA,NA,NA,NA,,,,GPS 10 - 056 - Antes das 20:00.
NA,23,Leao,NA,27-Jan-21,ML,02:14,10,57,-3.86968,-32.43612,NA,NA,NA,NA,NA,NA,NA,NA,NA,NA,NA,NA,NA,NA,NA,NA,NA,NA,NA,NA,NA,NA,NA,NA,NA,NA,,,,"GPS 10 - 057. Tartaruga vista subindo as pedras, não foi possível ver quem era. "
NA,25,Leao,NA,28-Jan-21,ML,NA,11,45,-3.87025,-32.43973,NA,NA,NA,NA,NA,NA,NA,NA,NA,NA,NA,NA,NA,NA,NA,NA,NA,NA,NA,NA,NA,NA,NA,NA,NA,NA,,,,GPS 11 - 045. Ocorrencia antes de 19:55
NA,29,Leao,NA,30-Jan-21,ML,NA,11,46,-3.86999,-32.43701,NA,NA,NA,NA,NA,NA,NA,NA,NA,NA,NA,NA,NA,NA,NA,NA,NA,NA,NA,NA,NA,NA,NA,NA,NA,NA,,,,GPS 11 - 046. Ocorrência entre 00:20 e 1:22
NA,31,Leao,F3,3-Feb-21,ML,21:16,11,ML,-3.86979,-32.43674,NA,NA,BR 67305,BRA 27905,NA,NA,NA,NAO,NA,NA,NA,NA,NA,NA,NA,NA,NA,NA,NA,NA,NA,NA,NA,NA,NA,NA,,,,GPS 11 - ML - F3.
NA,33,Leao,F9,5-Feb-21,ML,20:10,10,61,-3.86978,-32.43851,BRA 27925,BRA 27931,NA,NA,NA,110.3,98.3,NAO,NA,NA,NA,NA,NA,NA,NA,NA,NA,NA,NA,NA,NA,NA,NA,NA,NA,NA,,,,GPS 10 - 061 - F9. Ambas as marcas colocadas entre a segunda e terceira escama das nadadeiras posteriores.
NA,34,Leao,F10,5-Feb-21,ML,22:57,11,49,-3.87025,-32.4382,NA,NA,BR 77094,BRA 06231,NA,118,107,NAO,NA,NA,NA,NA,NA,NA,NA,NA,NA,NA,NA,NA,NA,NA,NA,NA,NA,NA,,,,GPS 11 - 049 - F10. Marca BR 77094 na nad posterior direita e BRA 06231 na anterior esquerda.
NA,35,Leao,F11,5-Feb-21,ML,01:30,10,62,-3.87064,-32.43872,BRA 27923,BRA 27924,NA,NA,NA,104,98.4,SIM,05/02/21- BRA 27923/BRA 27924,NA,NA,NA,NA,NA,NA,NA,NA,NA,NA,NA,NA,NA,NA,NA,NA,NA,,,,GPS 10 - 062 - F11. Apenas 1 pedaco de tecido coletado.
NA,36,Leao,F9,6-Feb-21,ML,20:19,10,63,-3.87052,-32.43962,NA,NA,BRA 27931,BRA 27925,NA,NA,NA,NAO,NA,NA,NA,NA,NA,NA,NA,NA,NA,NA,NA,NA,NA,NA,NA,NA,NA,NA,,,,GPS 10 - 063 - F9.
NA,38,Leao,NA,6-Feb-21,ML,NA,10,64,-3.86951,-32.43525,NA,NA,NA,NA,NA,NA,NA,NA,NA,NA,NA,NA,NA,NA,NA,NA,NA,NA,NA,NA,NA,NA,NA,NA,NA,NA,,,,GPS 10 - 064. Ocorrência entre 23:00 e 00:00.
NA,39,Leao,NA,6-Feb-21,ML,NA,11,51,-3.86828,-32.43596,NA,NA,NA,NA,NA,NA,NA,NA,NA,NA,NA,NA,NA,NA,NA,NA,NA,NA,NA,NA,NA,NA,NA,NA,NA,NA,,,,GPS 11 - 051. Ocorrência entre 00:15 e 1:20.  
NA,41,Leao,F5,7-Feb-21,ML,20:25,11,63,-3.87001,-32.43927,NA,NA,BRA 27906,BRA 27907,NA,110,102,SIM,07/02/21- BRA 27906/ BRA 27907,NA,NA,NA,NA,NA,NA,NA,NA,NA,NA,NA,NA,NA,NA,NA,NA,NA,,,,GPS 11 - 063 - F5 (estava pintada do lado direito).
NA,43,Leao,F6,7-Feb-21,ML,00:30,11,64,-3.86976,-32.43722,NA,NA,BRA 27903,BRA 27904,NA,NA,NA,NAO,NA,NA,NA,NA,NA,NA,NA,NA,NA,NA,NA,NA,NA,NA,NA,NA,NA,NA,,,,GPS 11 - 064 - F6. Marca BRA 27903 entre 2° e 3° escama esquerda e BRA 27904 na axila direita.
NA,47,Leao,F1,9-Feb-21,ML,20:10,11,67,-3.8695,-32.43534,NA,NA,BR 83209,BRA 21740,NA,NA,NA,NAO,NA,NA,NA,NA,NA,NA,NA,NA,NA,NA,NA,NA,NA,NA,NA,NA,NA,NA,,,,GPS 11 - 067 - F1.
NA,48,Leao,F2,9-Feb-21,ML,21:37,11,68,-3.8699,-32.43755,NA,NA,BR 38662,BRA 27902,NA,NA,NA,NAO,NA,NA,NA,NA,NA,NA,NA,NA,NA,NA,NA,NA,NA,NA,NA,NA,NA,NA,,,,GPS 11 - 068 - F2.
NA,49,Leao,NA,9-Feb-21,ML,NA,10,69,-3.87023,-32.4365,NA,NA,NA,NA,NA,NA,NA,NA,NA,NA,NA,NA,NA,NA,NA,NA,NA,NA,NA,NA,NA,NA,NA,NA,NA,NA,,,,GPS 10 - 069. Ocorrência entre 20:30 e 21:40.
NA,50,Leao,F1,9-Feb-21,ML,00:22,11,69,-3.86981,-32.43735,NA,NA,BR 83209,BRA 21740,NA,NA,NA,NAO,NA,NA,NA,NA,NA,NA,NA,NA,NA,NA,NA,NA,NA,NA,NA,NA,NA,NA,,,,GPS 11 - 069 - F1.
NA,54,Leao,F2,10-Feb-21,ML,23:21,10,71,-3.87062,-32.43849,NA,NA,BRA 27902,BR 38662,NA,NA,NA,NAO,NA,NA,NA,NA,NA,NA,NA,NA,NA,NA,NA,NA,NA,NA,NA,NA,NA,NA,,,,GPS 10 - 071 - F2.
NA,57,Leao,F13,11-Feb-21,ML,02:10,11,74,-3.87068,-32.43852,BRA 27915,NA,NA,NA,NA,NA,NA,NA,NA,NA,NA,NA,NA,NA,NA,NA,NA,NA,NA,NA,NA,NA,NA,NA,NA,NA,,,,GPS 11 - 074. Tartaruga entrando na agua.
NA,60,Leao,F14,14-Feb-21,ML,21:36,10,76,-3.87029,-32.43798,NA,NA,BRA 27937,BRA 27938,NA,NA,NA,NAO,NA,NA,NA,NA,NA,NA,NA,NA,NA,NA,NA,NA,NA,NA,NA,NA,NA,NA,,,,GPS 10 - 076 - F14.
NA,63,Leao,NA,17-Feb-21,ML,NA,11,77,-3.86941,-32.43516,NA,NA,NA,NA,NA,NA,NA,NAO,NA,NA,NA,NA,NA,NA,NA,NA,NA,NA,NA,NA,NA,NA,NA,NA,NA,NA,,,,GPS 11 - 077. Ocorrência antes das 20:00.
NA,65,Leao,F11,17-Feb-21,ML,00:10,11,80,-3.8699,-32.43768,NA,NA,NA,NA,NA,NA,NA,NAO,NA,NA,NA,NA,NA,NA,NA,NA,NA,NA,NA,NA,NA,NA,NA,NA,NA,NA,,,,"GPS 11 - 080 - F11 (estava pintada do lado direito). F11 (BRA 27923/ BRA 27924) marcas não conferidas, tartaruga entrando na água. "
NA,66,Leao,F10,17-Feb-21,ML,00:11,11,79,-3.87002,-32.43713,NA,NA,NA,NA,NA,NA,NA,NAO,NA,NA,NA,NA,NA,NA,NA,NA,NA,NA,NA,NA,NA,NA,NA,NA,NA,NA,,,,"GPS 11 - 079 - F10 (BRA 06231/ BR 77094) marcas não conferidas, tartaruga entrando na água.  "
NA,67,Leao,NA,17-Feb-21,ML,NA,11,81,-3.87041,-32.43801,NA,NA,NA,NA,NA,NA,NA,NAO,NA,NA,NA,NA,NA,NA,NA,NA,NA,NA,NA,NA,NA,NA,NA,NA,NA,NA,,,,GPS 11 - 081. Ocorrência entre 00:20 e 1:20.
NA,68,Leao,NA,17-Feb-21,ML,NA,11,82,-3.87039,-32.4381,NA,NA,NA,NA,NA,NA,NA,NAO,NA,NA,NA,NA,NA,NA,NA,NA,NA,NA,NA,NA,NA,NA,NA,NA,NA,NA,,,,GPS 11 - 082. Ocorrência entre 00:20 e 1:20
NA,70,Leao,NA,18-Feb-21,ML,NA,10,79,-3.86945,-32.4353,NA,NA,NA,NA,NA,NA,NA,NA,NA,NA,NA,NA,NA,NA,NA,NA,NA,NA,NA,NA,NA,NA,NA,NA,NA,NA,,,,GPS 10 - 079. Ocorrência entre 21:20 e 22:40.
NA,71,Leao,NA,18-Feb-21,ML,NA,10,80,-3.86945,-32.43514,NA,NA,NA,NA,NA,NA,NA,NA,NA,NA,NA,NA,NA,NA,NA,NA,NA,NA,NA,NA,NA,NA,NA,NA,NA,NA,,,,GPS 10 - 080. Ocorrência entre 21:20 e 22:40.
NA,73,Leao,NA,19-Feb-21,ML,NA,10,82,-3.86951,-32.43501,NA,NA,NA,NA,NA,NA,NA,NA,NA,NA,NA,NA,NA,NA,NA,NA,NA,NA,NA,NA,NA,NA,NA,NA,NA,NA,,,,GPS 10 - 082. Ocorrência antes das 20:47.
NA,82,Leao,NA,21-Feb-21,ML,NA,11,91,-3.87015,-32.43768,NA,NA,NA,NA,NA,NA,NA,NA,NA,NA,NA,NA,NA,NA,NA,NA,NA,NA,NA,NA,NA,NA,NA,NA,NA,NA,,,,GPS 11 - 091. ML entre 21:30 e 22:40.
NA,84,Leao,F1,21-Feb-21,ML,01:56,10,87,-3.87013,-32.43731,NA,NA,NA,NA,NA,NA,NA,NAO,NA,NA,NA,NA,NA,NA,NA,NA,NA,NA,NA,NA,NA,NA,NA,NA,NA,NA,,,,"GPS 10 - 087 - F1 (BR 83209/ BRA 21740) - marcas não conferidas, tartaruga entrando na água.  "
NA,86,Leao,NA,21-Feb-21,ML,NA,11,92,-3.87055,-32.43807,NA,NA,NA,NA,NA,NA,NA,NA,NA,NA,NA,NA,NA,NA,NA,NA,NA,NA,NA,NA,NA,NA,NA,NA,NA,NA,,,,GPS 11 - 092. Entre 2:00 e 2:40.
NA,87,Leao,F2,22-Feb-21,ML,20:35,11,93,-3.87019,-32.4379,NA,NA,BRA 27902,BR 38662,NA,NA,NA,NAO,NA,NA,NA,NA,NA,NA,NA,NA,NA,NA,NA,NA,NA,NA,NA,NA,NA,NA,,,,GPS 11 - 093 - F2.
NA,92,Leao,F19,23-Feb-21,ML,20:12,11,97,-3.87069,-32.43839,NA,NA,NA,NA,NA,NA,NA,NAO,NA,NA,NA,NA,NA,NA,NA,NA,NA,NA,NA,NA,NA,NA,NA,NA,NA,NA,,,,GPS 11 - 097 - marca com final 6201 (tartaruga entrando na água)
NA,93,Leao,NA,23-Feb-21,ML,21:35,11,98,-3.87072,-32.43811,NA,NA,NA,NA,NA,NA,NA,NAO,NA,NA,NA,NA,NA,NA,NA,NA,NA,NA,NA,NA,NA,NA,NA,NA,NA,NA,,,,GPS 11 - 098 (tartaruga entrando na água)
NA,95,Leao,NA,25-Feb-21,ML,NA,11,99,-3.86989,-32.43691,NA,NA,NA,NA,NA,NA,NA,NA,NA,NA,NA,NA,NA,NA,NA,NA,NA,NA,NA,NA,NA,NA,NA,NA,NA,NA,,,,GPS 11-099 Entre 2:20 e 3:15
NA,96,Leao,F20,26-Feb-21,ML,03:20,11,100,-3.86946,-32.43513,BRA 27957,NA,NA,NA,NA,NA,NA,NA,NA,NA,NA,NA,NA,NA,NA,NA,NA,NA,NA,NA,NA,NA,NA,NA,NA,NA,,,,GPS 11-100 Tartaruga entrando na agua so foi possivel colocar uma marc (F20)
NA,97,Leao,F3,28-Feb-21,ML,20:05,10,91,-3.87019,-32.4382,NA,NA,BR 67305,BRA 27905,NA,NA,NA,NA,NA,NA,NA,NA,NA,NA,NA,NA,NA,NA,NA,NA,NA,NA,NA,NA,NA,NA,,,,GPS 10-091 F3
NA,101,Leao,NA,28-Feb-21,ML,NA,11,103,-3.86952,-32.43502,NA,NA,NA,NA,NA,NA,NA,NA,NA,NA,NA,NA,NA,NA,NA,NA,NA,NA,NA,NA,NA,NA,NA,NA,NA,NA,,,,GPS 11- 103 Entre 21:37 e 22:38
NA,102,Leao,NA,1-Mar-21,ML,20:35,10,93,-3.87038,-32.43816,NA,NA,NA,NA,NA,NA,NA,NA,NA,NA,NA,NA,NA,NA,NA,NA,NA,NA,NA,NA,NA,NA,NA,NA,NA,NA,,,,GPS 10 - 093 Tartaruga entrando na água 
NA,107,Leao,F16,2-Mar-21,ML,20:20,11,111,-3.86988,-32.43739,NA,NA,BRA 27942,BRA 27943,NA,NA,NA,NA,NA,NA,NA,NA,NA,NA,NA,NA,NA,NA,NA,NA,NA,NA,NA,NA,NA,NA,,,,GPS 11- 111 F16
NA,114,Leao,NA,2-Mar-21,ML,NA,11,113,-3.87047,-32.4385,NA,NA,NA,NA,NA,NA,NA,NA,NA,NA,NA,NA,NA,NA,NA,NA,NA,NA,NA,NA,NA,NA,NA,NA,NA,NA,,,,GPS 11-113 Entre 23 e 00:00
NA,117,Leao,F8,3-Mar-21,ML,22:15,10,96,-3.87025,-32.43805,NA,NA,BRA 27901,NA,NA,NA,NA,NA,NA,NA,NA,NA,NA,NA,NA,NA,NA,NA,NA,NA,NA,NA,NA,NA,NA,NA,,,,"GPS 10 - 096 - F8 (tartaruga entrando na água, apenas uma marca conferida)"
NA,123,Leao,NA,4-Mar-21,ML,NA,10,100,-3.87046,-32.43853,NA,NA,NA,NA,NA,NA,NA,NA,NA,NA,NA,NA,NA,NA,NA,NA,NA,NA,NA,NA,NA,NA,NA,NA,NA,NA,,,,GPS 10 - 100 Entre 22:30 e 23:30
NA,133,Leao,F5,10-Mar-21,ML,21:30,11,123,-3.87039,-32.43865,NA,NA,BRA 27906,BRA 27907,NA,NA,NA,NAO,NA,NA,NA,NA,NA,NA,NA,NA,NA,NA,NA,NA,NA,NA,NA,NA,NA,NA,,,,GPS 11 - 123 - F5
NA,136,Leao,F3,10-Mar-21,ML,01:28,11,125,-3.87035,-32.43875,NA,NA,BRA 27905,BR 67305,NA,NA,NA,NAO,NA,NA,NA,NA,NA,NA,NA,NA,NA,NA,NA,NA,NA,NA,NA,NA,NA,NA,,,,GPS 11 - 125 - F3
NA,143,Leao,F21,12-Mar-21,ML,21:33,10,111,-3.86958,-32.43493,NA,NA,NA,NA,NA,NA,NA,NA,NA,NA,NA,NA,NA,NA,NA,NA,NA,NA,NA,NA,NA,NA,NA,NA,NA,NA,,,,GPS10-111 F21
NA,147,Leao,NA,13-Mar-21,ML,NA,10,113,-3.86954,-32.43493,NA,NA,NA,NA,NA,NA,NA,NA,NA,NA,NA,NA,NA,NA,NA,NA,NA,NA,NA,NA,NA,NA,NA,NA,NA,NA,,,,GPS 10 - 113 - Entre 20:05 e 21:30
NA,148,Leao,NA,13-Mar-21,ML,NA,10,114,-3.86948,-32.43514,NA,NA,NA,NA,NA,NA,NA,NA,NA,NA,NA,NA,NA,NA,NA,NA,NA,NA,NA,NA,NA,NA,NA,NA,NA,NA,,,,GPS 10 - 114 - Entre 20:05 e 21:30
NA,152,Leao,F23,14-Mar-21,ML,20:04,11,129,-3.86948,-32.43517,NA,NA,BRA 27964,BRA 27965,NA,NA,NA,NAO,NA,NA,NA,NA,NA,NA,NA,NA,NA,NA,NA,NA,NA,NA,NA,NA,NA,NA,,,,GPS 11-129 F23
NA,153,Leao,F24,14-Mar-21,ML,20:15,11,130,-3.86974,-32.43713,BRA 27961,NA,BR 83201,NA,NA,NA,NA,NAO,NA,NA,NA,NA,NA,NA,NA,NA,NA,NA,NA,NA,NA,NA,NA,NA,NA,NA,,,,GPS 11-130 F24 Tartaruga entrando na agua
NA,154,Leao,NA,14-Mar-21,ML,20:16,11,131,-3.86992,-32.43713,NA,NA,NA,NA,NA,NA,NA,NA,NA,NA,NA,NA,NA,NA,NA,NA,NA,NA,NA,NA,NA,NA,NA,NA,NA,NA,,,,GPS 11 - 131 Tartaruga entrando na agua
NA,156,Leao,F4,14-Mar-21,ML,20:20,11,134,-3.86989,-32.43776,NA,NA,BRA 27909,BRA 27908,NA,NA,NA,NAO,NA,NA,NA,NA,NA,NA,NA,NA,NA,NA,NA,NA,NA,NA,NA,NA,NA,NA,,,,GPS 11 - 134 - F4
NA,157,Leao,NA,14-Mar-21,ML,NA,11,132,-3.87036,-32.43935,NA,NA,NA,NA,NA,NA,NA,NA,NA,NA,NA,NA,NA,NA,NA,NA,NA,NA,NA,NA,NA,NA,NA,NA,NA,NA,,,,GPS 11 - 132. Entre 22:30 e 23:40
NA,159,Leao,F9,14-Mar-21,ML,23:45,11,133,-3.87055,-32.43944,NA,NA,BRA 27925,BRA 27931,NA,NA,NA,NAO,NA,NA,NA,NA,NA,NA,NA,NA,NA,NA,NA,NA,NA,NA,NA,NA,NA,NA,,,,GPS 11 - 133 F9
NA,161,Leao,F14,14-Mar-21,ML,03:12,10,121,-3.86957,-32.43542,NA,NA,BRA 27937,BRA 27938,NA,NA,NA,NAO,NA,NA,NA,NA,NA,NA,NA,NA,NA,NA,NA,NA,NA,NA,NA,NA,NA,NA,,,,GPS 10 - 121 - F14
NA,164,Leao,NA,15-Mar-21,ML,NA,11,138,-3.86989,-32.43696,NA,NA,NA,NA,NA,NA,NA,NA,NA,NA,NA,NA,NA,NA,NA,NA,NA,NA,NA,NA,NA,NA,NA,NA,NA,NA,,,,GPS 11 - 138. Antes das 20:10
NA,165,Leao,F11,15-Mar-21,ML,20:15,10,123,-3.87044,-32.43926,NA,NA,NA,NA,NA,NA,NA,NA,NA,NA,NA,NA,NA,NA,NA,NA,NA,NA,NA,NA,NA,NA,NA,NA,NA,NA,,,,"GPS 10 - 123 F11 (tartaruga entrando na água, não foi possível conferir as marcas)"
NA,166,Leao,F4,15-Mar-21,ML,21:21,11,140,-3.8699,-32.43696,NA,NA,BRA 27908,BRA 27909,NA,NA,NA,NAO,NA,NA,NA,NA,NA,NA,NA,NA,NA,NA,NA,NA,NA,NA,NA,NA,NA,NA,,,,GPS 11 - 140 F4
NA,169,Leao,NA,15-Mar-21,ML,NA,11,142,-3.86989,-32.4369,NA,NA,NA,NA,NA,NA,NA,NA,NA,NA,NA,NA,NA,NA,NA,NA,NA,NA,NA,NA,NA,NA,NA,NA,NA,NA,,,,GPS 11 - 142. Entre 22:00 e 22:50. 
NA,178,Leao,NA,17-Mar-21,ML,NA,11,152,-3.86955,-32.43492,NA,NA,NA,NA,NA,NA,NA,NA,NA,NA,NA,NA,NA,NA,NA,NA,NA,NA,NA,NA,NA,NA,NA,NA,NA,NA,,,,GPS 11 - 152. Antes das 20:07
NA,183,Leao,NA,18-Mar-21,ML,NA,11,153,-3.87008,-32.43999,NA,NA,NA,NA,NA,NA,NA,NA,NA,NA,NA,NA,NA,NA,NA,NA,NA,NA,NA,NA,NA,NA,NA,NA,NA,NA,,,,GPS 11 - 153. Antes das 20:25
NA,184,Leao,F17,18-Mar-21,ML,21:28,10,129,-3.86948,-32.43535,NA,NA,BRA 27949,BRA 27951,NA,NA,NA,NAO,NA,NA,NA,NA,NA,NA,NA,NA,NA,NA,NA,NA,NA,NA,NA,NA,NA,NA,,,,GPS 10 - 129 F17
NA,190,Leao,NA,21-Mar-21,ML,NA,10,134,-3.8695,-32.43512,NA,NA,NA,NA,NA,NA,NA,NA,NA,NA,NA,NA,NA,NA,NA,NA,NA,NA,NA,NA,NA,NA,NA,NA,NA,NA,,,,GPS 10-134 Entre 00:20 e 1:30
NA,191,Leao,F10,21-Mar-21,ML,01:43,10,135,-3.86948,-32.43519,NA,NA,BR 77094,BRA 06231,NA,NA,NA,NAO,NA,NA,NA,NA,NA,NA,NA,NA,NA,NA,NA,NA,NA,NA,NA,NA,NA,NA,,,,GPS 10-135 F10
NA,194,Leao,NA,23-Mar-21,ML,NA,11,156,-3.86981,-32.43641,NA,NA,NA,NA,NA,NA,NA,NA,NA,NA,NA,NA,NA,NA,NA,NA,NA,NA,NA,NA,NA,NA,NA,NA,NA,NA,,,,GPS 11-156 Antes das 20:03
NA,197,Leao,NA,25-Mar-21,ML,NA,11,159,-3.86959,-32.43568,NA,NA,NA,NA,NA,NA,NA,NA,NA,NA,NA,NA,NA,NA,NA,NA,NA,NA,NA,NA,NA,NA,NA,NA,NA,NA,,,,GPS 11-159 Antes das 19:55
NA,198,Leao,F25,25-Mar-21,ML,19:58,11,158,-3.86999,-32.43675,NA,NA,BRA 27970,BRA 27971,NA,NA,NA,NAO,NA,NA,NA,NA,NA,NA,NA,NA,NA,NA,NA,NA,NA,NA,NA,NA,NA,NA,,,,GPS 11-158 F25
NA,199,Leao,F22,25-Mar-21,ML,22:20,11,161,-3.8703,-32.43758,NA,NA,NA,NA,NA,NA,NA,NA,NA,NA,NA,NA,NA,NA,NA,NA,NA,NA,NA,NA,NA,NA,NA,NA,NA,NA,,,,GPS 11-161 F22 Nao foi possivel conferir as marcas tartaruga entrando na agua
NA,200,Leao,NA,25-Mar-21,ML,NA,11,160,-3.86966,-32.43583,NA,NA,NA,NA,NA,NA,NA,NA,NA,NA,NA,NA,NA,NA,NA,NA,NA,NA,NA,NA,NA,NA,NA,NA,NA,NA,,,,GPS 11-160 Entre 22:20 e 23:00
NA,201,Leao,NA,25-Mar-21,ML,NA,10,139,-3.86952,-32.43537,NA,NA,NA,NA,NA,NA,NA,NA,NA,NA,NA,NA,NA,NA,NA,NA,NA,NA,NA,NA,NA,NA,NA,NA,NA,NA,,,,GPS 10-139 Entre 00:20 e 01:20
NA,202,Leao,F12,25-Mar-21,ML,02:15,10,140,-3.86947,-32.43532,NA,NA,BRA 27932,BRA 27934,NA,NA,NA,NAO,NA,NA,NA,NA,NA,NA,NA,NA,NA,NA,NA,NA,NA,NA,NA,NA,NA,NA,,,,GPS 10-140 F12
NA,203,Leao,F22,25-Mar-21,ML,02:40,10,141,-3.87026,-32.43784,NA,NA,NA,NA,NA,NA,NA,NA,NA,NA,NA,NA,NA,NA,NA,NA,NA,NA,NA,NA,NA,NA,NA,NA,NA,NA,,,,GPS 10-141 F22 Nao foi possível conferir as marcas tartaruga entrando na agua.
NA,210,Leao,NA,29-Mar-21,ML,NA,10,144,-3.87013,-32.4376,NA,NA,NA,NA,NA,NA,NA,NA,NA,NA,NA,NA,NA,NA,NA,NA,NA,NA,NA,NA,NA,NA,NA,NA,NA,NA,,,,GPS 10 - 144. Antes das 20:05.
NA,211,Leao,NA,29-Mar-21,ML,NA,10,145,-3.87039,-32.43823,NA,NA,NA,NA,NA,NA,NA,NA,NA,NA,NA,NA,NA,NA,NA,NA,NA,NA,NA,NA,NA,NA,NA,NA,NA,NA,,,,GPS 10 - 145. Antes das 20:05.
NA,212,Leao,NA,29-Mar-21,ML,NA,10,146,-3.87042,-32.43833,NA,NA,NA,NA,NA,NA,NA,NA,NA,NA,NA,NA,NA,NA,NA,NA,NA,NA,NA,NA,NA,NA,NA,NA,NA,NA,,,,GPS 10 - 146. Antes das 20:05.
NA,214,Leao,F13,30-Mar-21,ML,20:15,11,166,-3.87003,-32.43789,NA,NA,BRA 27915,BRA 27948,NA,NA,NA,NAO,NA,NA,NA,NA,NA,NA,NA,NA,NA,NA,NA,NA,NA,NA,NA,NA,NA,NA,,,,GPS 11-166 F13
NA,216,Leao,NA,30-Mar-21,ML,NA,11,167,-3.87047,-32.43953,NA,NA,NA,NA,NA,NA,NA,NA,NA,NA,NA,NA,NA,NA,NA,NA,NA,NA,NA,NA,NA,NA,NA,NA,NA,NA,,,,GPS 11- 167 Antes das 20:15
NA,219,Leao,NA,31-Mar-21,ML,NA,11,170,-3.87039,-32.43899,NA,NA,NA,NA,NA,NA,NA,NA,NA,NA,NA,NA,NA,NA,NA,NA,NA,NA,NA,NA,NA,NA,NA,NA,NA,NA,,,,GPS 11 - 170. Entre a ronda das 20:00 e 21:20.
NA,224,Leao,NA,6-Apr-21,ML,NA,10,149,-3.87043,-32.43844,NA,NA,NA,NA,NA,NA,NA,NA,NA,NA,NA,NA,NA,NA,NA,NA,NA,NA,NA,NA,NA,NA,NA,NA,NA,NA,,,,GPS 10 - 149 Antes das 20:25.
NA,225,Leao,F2,6-Apr-21,ML,21:25,10,150,-3.87059,-32.43838,NA,NA,BRA 27902,BR 38662,NA,NA,NA,NAO,NA,NA,NA,NA,NA,NA,NA,NA,NA,NA,NA,NA,NA,NA,NA,NA,NA,NA,,,,GPS 10 -150 F2
NA,226,Leao,F9,6-Apr-21,ML,21:37,10,151,-3.87022,-32.43702,NA,NA,NA,NA,NA,NA,NA,NA,NA,NA,NA,NA,NA,NA,NA,NA,NA,NA,NA,NA,NA,NA,NA,NA,NA,NA,,,,GPS 10 - 151 F9 ML na beira da agua
NA,233,Leao,NA,9-Apr-21,ML,20:06,10,156,-3.86948,-32.43516,NA,NA,NA,NA,NA,NA,NA,NA,NA,NA,NA,NA,NA,NA,NA,NA,NA,NA,NA,NA,NA,NA,NA,NA,NA,NA,,,,"GPS 10 - 156. Ocorrencia antes da chegada na praia, sem avistagem da fêmea."
NA,235,Leao,NA,10-Apr-21,ML,NA,10,159,-3.86949,-32.43598,NA,NA,NA,NA,NA,NA,NA,NA,NA,NA,NA,NA,NA,NA,NA,NA,NA,NA,NA,NA,NA,NA,NA,NA,NA,NA,,,,GPS 10 - 159. Antes de 20:05.
NA,239,Leao,NA,10-Apr-21,ML,NA,10,160,-3.86984,-32.4368,NA,NA,NA,NA,NA,NA,NA,NA,NA,NA,NA,NA,NA,NA,NA,NA,NA,NA,NA,NA,NA,NA,NA,NA,NA,NA,,,,GPS 10 - 160. Entre 2:00 e 3:00.
NA,244,Leao,F9,18-Apr-21,ML,20:13,10,163,-3.87028,-32.43915,NA,NA,BRA 27925,BRA 27931,NA,NA,NA,NA,NA,NA,NA,NA,NA,NA,NA,NA,NA,NA,NA,NA,NA,NA,NA,NA,NA,NA,,,,GPS 10 - 163 F9.
NA,245,Leao,NA,18-Apr-21,ML,NA,10,164,-3.87019,-32.43908,NA,NA,NA,NA,NA,NA,NA,NA,NA,NA,NA,NA,NA,NA,NA,NA,NA,NA,NA,NA,NA,NA,NA,NA,NA,NA,,,,GPS 10 - 164. Entre 22:40 e 00:00.
NA,249,Leao,NA,23-Apr-21,ML,NA,11,192,-3.86991,-32.43652,NA,NA,NA,NA,NA,NA,NA,NA,NA,NA,NA,NA,NA,NA,NA,NA,NA,NA,NA,NA,NA,NA,NA,NA,NA,NA,,,,GPS 11 - 192. Antes das 20:12 (antes da primeira ronda).
NA,250,Leao,NA,24-Apr-21,ML,NA,10,166,-3.86976,-32.43619,NA,NA,NA,NA,NA,NA,NA,NA,NA,NA,NA,NA,NA,NA,NA,NA,NA,NA,NA,NA,NA,NA,NA,NA,NA,NA,,,,GPS 10 - 166 Antes de 20:02.
NA,252,Leao,F25,28-Apr-21,ML,22:40,11,193,-3.8705,-32.43782,NA,NA,BRA 27970,BRA 27971,NA,NA,NA,NAO,NA,NA,NA,NA,NA,NA,NA,NA,NA,NA,NA,NA,NA,NA,NA,NA,NA,NA,,,,GPS 11 - 193 F25.
NA,255,Leao,F25,30-Apr-21,ML,NA,10,170,-3.87011,-32.43813,NA,NA,NA,NA,NA,NA,NA,NAO,NA,NA,NA,NA,NA,NA,NA,NA,NA,NA,NA,NA,NA,NA,NA,NA,NA,NA,,,,GPS10 - 170. Antes da primeira ronda 20:27.
NA,259,Leao,NA,5-May-21,ML,NA,10,171,-3.86946,-32.43512,NA,NA,NA,NA,NA,NA,NA,NA,NA,NA,NA,NA,NA,NA,NA,NA,NA,NA,NA,NA,NA,NA,NA,NA,NA,NA,,,,GPS 10 - 171. Entre 1:50 e 3:40. 
NA,260,Leao,NA,6-May-21,ML,NA,10,172,-3.87016,-32.43734,NA,NA,NA,NA,NA,NA,NA,NA,NA,NA,NA,NA,NA,NA,NA,NA,NA,NA,NA,NA,NA,NA,NA,NA,NA,NA,,,,GPS 10 - 172. Antes das 20:10.
NA,262,Leao,NA,12-May-21,ML,NA,10,174,-3.86949,-32.43546,NA,NA,NA,NA,NA,NA,NA,NAO,NA,NA,NA,NA,NA,NA,NA,NA,NA,NA,NA,NA,NA,NA,NA,NA,NA,NA,,,,GPS 10 - 174. Antes das 20:14.
NA,264,Leao,NA,12-May-21,ML,NA,10,176,-3.86992,-32.43704,NA,NA,NA,NA,NA,NA,NA,NA,NA,NA,NA,NA,NA,NA,NA,NA,NA,NA,NA,NA,NA,NA,NA,NA,NA,NA,,,,GPS 10 - 176. Entre 21:50 e 23:00.
NA,265,Leao,NA,12-May-21,ML,NA,10,177,-3.87035,-32.43862,NA,NA,NA,NA,NA,NA,NA,NA,NA,NA,NA,NA,NA,NA,NA,NA,NA,NA,NA,NA,NA,NA,NA,NA,NA,NA,,,,GPS 10 - 177. Entre 21:50 e 23:00.
NA,266,Leao,NA,13-May-21,ML,NA,11,198,-3.86948,-32.43517,NA,NA,NA,NA,NA,NA,NA,NA,NA,NA,NA,NA,NA,NA,NA,NA,NA,NA,NA,NA,NA,NA,NA,NA,NA,NA,,,,GPS 11 - 198. Antes das 20:09.
NA,269,Leao,NA,13-May-21,ML,NA,11,199,-3.86995,-32.43903,NA,NA,NA,NA,NA,NA,NA,NA,NA,NA,NA,NA,NA,NA,NA,NA,NA,NA,NA,NA,NA,NA,NA,NA,NA,NA,,,,GPS 11 - 199. Antes das 20:16.
NA,270,Leao,NA,17-May-21,ML,NA,11,ML17-5-21,-3.86946,-32.43519,NA,NA,NA,NA,NA,NA,NA,NA,NA,NA,NA,NA,NA,NA,NA,NA,NA,NA,NA,NA,NA,NA,NA,NA,NA,NA,,,,GPS 11 - ML17-5-21. Entre 1:30 e 3:00.
NA,271,Leao,NA,18-May-21,ML,NA,11,201,-3.86946,-32.43523,NA,NA,NA,NA,NA,NA,NA,NA,NA,NA,NA,NA,NA,NA,NA,NA,NA,NA,NA,NA,NA,NA,NA,NA,NA,NA,,,,GPS 11 - 201. Entre 22:50 e 00:10.
NA,273,Leao,NA,20-May-21,ML,NA,10,179,-3.86979,-32.43631,NA,NA,NA,NA,NA,NA,NA,NA,NA,NA,NA,NA,NA,NA,NA,NA,NA,NA,NA,NA,NA,NA,NA,NA,NA,NA,,,,GPS 10 - 179. 
1,1,Leao,NA,20-Dec-20,SD,NA,11,ND 1,-3.8695,-32.43648,NA,NA,NA,NA,NA,NA,NA,NA,NA,NA,NA,NA,NA,NA,NA,NA,NA,NA,NA,NA,NA,NA,NA,NA,NA,NA,,,,"GPS 11 - ND 1. Não foram encontrados os ovos, foi mantida uma estaca (numero 1). Não houve eclosão, ocorrência ND modificada para SD."
NA,3,Leao,F1,25-Dec-20,SD,21:45,11,SD 25/12,-3.86991,-32.43761,BRA 21740,NA,BR 83209,NA,NA,104,97.5,SIM,#SD-25/12/20 BR 83209/BRA 21740,NA,NA,NA,NA,NA,NA,NA,NA,NA,NA,NA,NA,NA,NA,NA,NA,NA,,,,GPS 11 - SD 25/12 - F1.
2,4,Leao,NA,28-Dec-20,SD,NA,11,4,-3.86971,-32.43684,NA,NA,NA,NA,NA,NA,NA,NA,NA,NA,NA,NA,NA,NA,NA,NA,NA,NA,NA,NA,NA,NA,NA,NA,NA,NA,,,,"GPS 11 - 4. Não foram encontrados os ovos, foi mantida uma estaca (numero 2). Não houve eclosão, ocorrência ND modificada para SD. "
NA,7,Leao,NA,3-Jan-21,SD,NA,11,SD03-01-21,-3.86989,-32.4376,NA,NA,NA,NA,NA,NA,NA,NA,NA,NA,NA,NA,NA,NA,NA,NA,NA,NA,NA,NA,NA,NA,NA,NA,NA,NA,,,,GPS 11 - SD03-01-21.
NA,11,Leao,F1,14-Jan-21,SD,23:40,10,51,-3.86996,-32.43734,NA,NA,BR 83209,BRA 21740,NA,104,98.7,SIM,14/01/21 BR 83209/ BRA 21740,NA,NA,NA,NA,NA,NA,NA,NA,NA,NA,NA,NA,NA,NA,NA,NA,NA,,,,GPS 10 - 051 - F1. Foto ID ok.
NA,15,Leao,F3,21-Jan-21,SD,01:43,11,37,-3.86976,-32.43681,BRA 27905,NA,BR 67305,NA,NA,106,102,SIM,21/01/21 BR 67305/ BRA 27905,NA,NA,NA,NA,NA,NA,NA,NA,NA,NA,NA,NA,NA,NA,NA,NA,NA,,,,GPS 11 - 037 - F3.
NA,21,Leao,NA,26-Jan-21,SD,NA,11,42,-3.87025,-32.43964,NA,NA,NA,NA,NA,NA,NA,NA,NA,NA,NA,NA,NA,NA,NA,NA,NA,NA,NA,NA,NA,NA,NA,NA,NA,NA,,,,GPS 11 - 042. Ocorrencia antes das 20:23.
NA,26,Leao,F2,28-Jan-21,SD,20:15,11,44,-3.8699,-32.43737,NA,NA,BRA 27902,BR 38662,NA,119,113,SIM,28/01/21 - BR 38662 / BRA 27902,NA,NA,NA,NA,NA,NA,NA,NA,NA,NA,NA,NA,NA,NA,NA,NA,NA,,,,GPS 11 - 044 - F2 (estava pintado lado direito). Desceu 22:30 fez 4 camas.
NA,32,Leao,NA,4-Feb-21,SD,NA,11,48,-3.87042,-32.43807,NA,NA,NA,NA,NA,NA,NA,NA,NA,NA,NA,NA,NA,NA,NA,NA,NA,NA,NA,NA,NA,NA,NA,NA,NA,NA,,,,GPS 11 - 048. Ocorrência entre 00:15 e 1:30.
NA,51,Leao,F1,9-Feb-21,SD,02:59,11,71,-3.86971,-32.43678,NA,NA,BR 83209,BRA 21740,NA,NA,NA,NAO,NA,NA,NA,NA,NA,NA,NA,NA,NA,NA,NA,NA,NA,NA,NA,NA,NA,NA,,,,GPS 11 - 071 - F1.
NA,56,Leao,F7,11-Feb-21,SD,21:42,10,73,-3.86973,-32.43703,NA,NA,BRA 27917,BRA 27918,NA,NA,NA,NAO,NA,NA,NA,NA,NA,NA,NA,NA,NA,NA,NA,NA,NA,NA,NA,NA,NA,NA,,,,GPS 10 - 073 - F7.
NA,59,Leao,F14,13-Feb-21,SD,21:30,10,75,-3.86948,-32.43566,BRA 27938,BRA 27937,NA,NA,NA,110.4,104,NAO,NA,NA,NA,NA,NA,NA,NA,NA,NA,NA,NA,NA,NA,NA,NA,NA,NA,NA,,,,GPS 10 - 074 - F14. Marca BRA 27937 colocada acidentalmente em cima da segunda escama da escama da nad direita (tartaruga andando). 
NA,64,Leao,F16,17-Feb-21,SD,20:15,11,78,-3.87005,-32.43937,BRA 27942,BRA 27943,NA,NA,NA,105.9,100,NAO,NA,NA,NA,NA,NA,NA,NA,NA,NA,NA,NA,NA,NA,NA,NA,NA,NA,NA,,,,GPS 11 - 078 - F16 (pintada). Foto ID ok. Protuberância na parte proximal da nadadeira esquerda (foto). 
NA,83,Leao,F2,21-Feb-21,SD,00:06,10,86,-3.86998,-32.43759,NA,NA,BR 38662,BRA 27902,NA,NA,NA,NAO,NA,NA,NA,NA,NA,NA,NA,NA,NA,NA,NA,NA,NA,NA,NA,NA,NA,NA,,,,GPS 10 - 086 - F2
NA,104,Leao,F15,1-Mar-21,SD,20:45,11,104,-3.86991,-32.43745,NA,NA,BRA 27940,BRA 27941,NA,NA,NA,NAO,NA,NA,NA,NA,NA,NA,NA,NA,NA,NA,NA,NA,NA,NA,NA,NA,NA,NA,,,,GPS 11 -104 - F15
NA,105,Leao,F20,1-Mar-21,SD,21:05,11,105,-3.86987,-32.43738,BRA 27958,NA,BRA 27957,NA,NA,106.3,101,NAO,NA,NA,NA,NA,NA,NA,NA,NA,NA,NA,NA,NA,NA,NA,NA,NA,NA,NA,,,,GPS 11 - 105 - F20
NA,106,Leao,F4,2-Mar-21,SD,20:10,11,110,-3.86988,-32.43736,NA,NA,BRA 27908,BRA 27909,NA,NA,NA,NA,NA,NA,NA,NA,NA,NA,NA,NA,NA,NA,NA,NA,NA,NA,NA,NA,NA,NA,,,,GPS 11- 110 F4
NA,111,Leao,F8,2-Mar-21,SD,21:30,11,112,-3.86981,-32.43737,BRA 27962,NA,BRA 27901,NA,NA,NA,NA,NA,NA,NA,NA,NA,NA,NA,NA,NA,NA,NA,NA,NA,NA,NA,NA,NA,NA,NA,,,,GPS 11 - 112 - F8. Perdeu 1 marca marca BRA 27962 colocada entre a 2 e 3 escama na nadadeira direita.
NA,112,Leao,F16,2-Mar-21,SD,22:38,11,114,-3.86985,-32.43691,NA,NA,BRA 27942,BRA 27943,NA,NA,NA,NA,NA,NA,NA,NA,NA,NA,NA,NA,NA,NA,NA,NA,NA,NA,NA,NA,NA,NA,,,,GPS 11 - 114 - F16.
NA,113,Leao,F9,2-Mar-21,SD,22:50,11,109,-3.86952,-32.43644,NA,NA,BRA 27931,BRA 27925,NA,NA,NA,NA,NA,NA,NA,NA,NA,NA,NA,NA,NA,NA,NA,NA,NA,NA,NA,NA,NA,NA,,,,GPS 11 - 109 - F9.
NA,127,Leao,F1,5-Mar-21,SD,04:07,11,121,-3.86975,-32.43674,NA,NA,BRA 21740,BR 83209,NA,NA,NA,NAO,NA,NA,NA,NA,NA,NA,NA,NA,NA,NA,NA,NA,NA,NA,NA,NA,NA,NA,,,,GPS11- 121 F1
NA,134,Leao,F3,10-Mar-21,SD,22:30,10,106,-3.87004,-32.4381,NA,NA,BRA 27905,BR 67305,NA,NA,NA,NAO,NA,NA,NA,NA,NA,NA,NA,NA,NA,NA,NA,NA,NA,NA,NA,NA,NA,NA,,,,GPS 10 - 106 - F3
NA,135,Leao,F10,10-Mar-21,SD,23:00,11,124,-3.87003,-32.43799,NA,NA,BRA 06231,BR 77094,NA,NA,NA,NAO,NA,NA,NA,NA,NA,NA,NA,NA,NA,NA,NA,NA,NA,NA,NA,NA,NA,NA,,,,"GPS 11 - 124 - F10 (BR 77094 na posterior direita) - Derrubou estacas 17 e 38, estacas recolocadas no lugar."
NA,139,Leao,F10,11-Mar-21,SD,22:35,10,108,-3.86987,-32.43731,NA,NA,BRA 06231,BR 77094,NA,NA,NA,NAO,NA,NA,NA,NA,NA,NA,NA,NA,NA,NA,NA,NA,NA,NA,NA,NA,NA,NA,,,,"GPS 10 - 108 - F10. Passou em cima da tela 10 e derrubou a estaca 10 sem arrebentar o fio, estaca recolocada. "
NA,141,Leao,F14,11-Mar-21,SD,03:46,10,110,-3.86946,-32.43555,NA,NA,BRA 27937,BRA 27938,NA,NA,NA,NAO,NA,NA,NA,NA,NA,NA,NA,NA,NA,NA,NA,NA,NA,NA,NA,NA,NA,NA,,,,GPS 10 - 110 - F14
NA,142,Leao,F21,12-Mar-21,SD,19:55,11,127,-3.86949,-32.43511,NA,NA,BRA 27945,BRA 27946,NA,NA,NA,NAO,NA,NA,NA,NA,NA,NA,NA,NA,NA,NA,NA,NA,NA,NA,NA,NA,NA,NA,,,,GPS 11-127 F21 (pintura em bom estado)
NA,144,Leao,F23,12-Mar-21,SD,04:37,11,128,-3.86947,-32.4352,BRA 27964,BRA 27965,NA,NA,NA,107,95.5,SIM,#12/03/21 BRA 27964/BRA 27965,NA,NA,NA,NA,NA,NA,NA,NA,NA,NA,NA,NA,NA,NA,NA,NA,NA,,,,GPS11- 128 F23 Foto ID ok.
NA,146,Leao,NA,13-Mar-21,SD,NA,10,112,-3.86945,-32.43538,NA,NA,NA,NA,NA,NA,NA,NA,NA,NA,NA,NA,NA,NA,NA,NA,NA,NA,NA,NA,NA,NA,NA,NA,NA,NA,,,,GPS 10 - 112 - Entre 20:05 e 21:30
NA,149,Leao,F21,13-Mar-21,SD,21:35,10,115,-3.8695,-32.4351,NA,NA,BRA 27945,BRA 27946,NA,NA,NA,NAO,NA,NA,NA,NA,NA,NA,NA,NA,NA,NA,NA,NA,NA,NA,NA,NA,NA,NA,,,,GPS 10 - 115 - F21
NA,151,Leao,F21,14-Mar-21,SD,20:00,10,118,-3.86956,-32.43492,NA,NA,BRA 27945,BRA 27946,NA,NA,NA,NAO,NA,NA,NA,NA,NA,NA,NA,NA,NA,NA,NA,NA,NA,NA,NA,NA,NA,NA,,,,GPS 10- 118 F21
NA,162,Leao,F9,14-Mar-21,SD,04:30,10,122,-3.86959,-32.43631,NA,NA,BRA 27925,BRA 27931,NA,NA,NA,NAO,NA,NA,NA,NA,NA,NA,NA,NA,NA,NA,NA,NA,NA,NA,NA,NA,NA,NA,,,,GPS 10 - 122 - F9
NA,163,Leao,F21,15-Mar-21,SD,20:04,11,137,-3.86949,-32.43519,NA,NA,BRA 27945,BRA 27946,NA,NA,NA,NAO,NA,NA,NA,NA,NA,NA,NA,NA,NA,NA,NA,NA,NA,NA,NA,NA,NA,NA,,,,GPS 11 - 137 F21
NA,168,Leao,F6,15-Mar-21,SD,22:00,11,139,-3.86977,-32.43715,NA,NA,BRA 27903,BRA 27904,NA,NA,NA,NAO,NA,NA,NA,NA,NA,NA,NA,NA,NA,NA,NA,NA,NA,NA,NA,NA,NA,NA,,,,GPS 11 - 139 - F6
NA,172,Leao,F11,15-Mar-21,SD,05:00,11,144,-3.87008,-32.43808,NA,NA,BRA 27924,BRA 27960,NA,NA,NA,NAO,NA,NA,NA,NA,NA,NA,NA,NA,NA,NA,NA,NA,NA,NA,NA,NA,NA,NA,,,,GPS 11 - 144 F11
NA,173,Leao,F24,16-Mar-21,SD,20:05,10,125,-3.86978,-32.43696,NA,NA,BRA 27961,BR 83201,NA,NA,NA,NAO,NA,NA,NA,NA,NA,NA,NA,NA,NA,NA,NA,NA,NA,NA,NA,NA,NA,NA,,,,GPS 10-125 F24
NA,174,Leao,F16,16-Mar-21,SD,20:06,10,126,-3.86974,-32.43699,NA,NA,NA,NA,NA,NA,NA,NAO,NA,NA,NA,NA,NA,NA,NA,NA,NA,NA,NA,NA,NA,NA,NA,NA,NA,NA,,,,GPS 10-126 F16 marcas nao conferidas
NA,177,Leao,F20,16-Mar-21,SD,22:49,11,149,-3.86988,-32.43765,NA,NA,BRA 27957,BRA 27958,NA,NA,NA,NA,NA,NA,NA,NA,NA,NA,NA,NA,NA,NA,NA,NA,NA,NA,NA,NA,NA,NA,,,,GPS 11- 149 F20
NA,185,Leao,F18,18-Mar-21,SD,01:25,11,154,-3.87012,-32.43813,NA,NA,BRA 27952,BRA 27954,NA,NA,NA,NAO,NA,NA,NA,NA,NA,NA,NA,NA,NA,NA,NA,NA,NA,NA,NA,NA,NA,NA,,,,GPS 11 - 154 F18
NA,189,Leao,F3,21-Mar-21,SD,22:35,11,155,-3.86971,-32.4373,NA,NA,BR 67305,BRA 27905,NA,NA,NA,NA,NA,NA,NA,NA,NA,NA,NA,NA,NA,NA,NA,NA,NA,NA,NA,NA,NA,NA,,,,GPS 11- 155 F3
NA,215,Leao,F13,30-Mar-21,SD,22:18,11,168,-3.87009,-32.43811,NA,NA,BRA 27915,BRA 27948,NA,NA,NA,NAO,NA,NA,NA,NA,NA,NA,NA,NA,NA,NA,NA,NA,NA,NA,NA,NA,NA,NA,,,,GPS 11-168 F13 Desceu 00:57
NA,220,Leao,F18,31-Mar-21,SD,22:10,11,171,-3.87006,-32.43946,NA,NA,NA,NA,NA,NA,NA,NAO,NA,NA,NA,NA,NA,NA,NA,NA,NA,NA,NA,NA,NA,NA,NA,NA,NA,NA,,,,GPS 11 - 171 F18
NA,227,Leao,F25,6-Apr-21,SD,00:15,10,153,-3.87006,-32.4379,NA,NA,BRA 27970,BRA 27971,NA,NA,NA,NAO,NA,NA,NA,NA,NA,NA,NA,NA,NA,NA,NA,NA,NA,NA,NA,NA,NA,NA,,,,"GPS 10 - 153 F25. Fez 8 camas desceu 6:10. Arrancou e enterrou a estaca 27, estaca foi encontrada presa a ancora e foi recolocada no lugar."
NA,229,Leao,F25,7-Apr-21,SD,20:07,10,155,-3.87011,-32.43823,NA,NA,BRA 27970,BRA 27971,NA,NA,NA,NAO,NA,NA,NA,NA,NA,NA,NA,NA,NA,NA,NA,NA,NA,NA,NA,NA,NA,NA,,,,GPS 10 - F25
NA,234,Leao,F26,9-Apr-21,SD,02:40,10,157,-3.86942,-32.43572,BRA 27972,BRA 27973,NA,NA,NA,NA,NA,NAO,NA,NA,NA,NA,NA,NA,NA,NA,NA,NA,NA,NA,NA,NA,NA,NA,NA,NA,,,,"GPS 10 - 157  F26. Tartaruga entrando na agua, nao houve tempo de fazer outros procedimentos."
NA,253,Leao,F25,29-Apr-21,SD,20:15,10,167,-3.87005,-32.43798,NA,NA,NA,NA,NA,NA,NA,NAO,NA,NA,NA,NA,NA,NA,NA,NA,NA,NA,NA,NA,NA,NA,NA,NA,NA,NA,,,,"GPS 10 - 167 F25 marcas não conferidas. Derrubou e enterrou a estaca 102, estaca estava presa na ancôra e foi recolocada no lugar.   "
NA,254,Leao,F25,29-Apr-21,SD,22:45,10,168,-3.87004,-32.4383,NA,NA,BRA 27970,BRA 27971,NA,NA,NA,NAO,NA,NA,NA,NA,NA,NA,NA,NA,NA,NA,NA,NA,NA,NA,NA,NA,NA,NA,,,,GPS 10 - 168 F25.
NA,272,Leao,F24,19-May-21,SD,20:05,11,202,-3.86979,-32.4371,NA,NA,BRA 27961,BR 83201,NA,NA,NA,NAO,NA,NA,NA,NA,NA,NA,NA,NA,NA,NA,NA,NA,NA,NA,NA,NA,NA,NA,,,,GPS 11 - 202 F24.
